ts,mbps,fps,bytes_sent,interval_s
2025-11-01T05:38:40Z,0.43484,0.0,54355,0.0
2025-11-01T05:38:40Z,0.003632,0.0,454,0.0
2025-11-01T05:38:40Z,0.036928,0.0,4616,0.0
2025-11-01T05:38:40Z,0.122312,0.0,15289,0.0
2025-11-01T05:38:41Z,0.075088,0.0,9386,0.0
2025-11-01T05:38:41Z,0.41916,0.0,52395,0.0
2025-11-01T05:38:41Z,0.093544,0.0,11693,0.0
2025-11-01T05:38:41Z,0.010568,0.0,1321,0.0
2025-11-01T05:38:41Z,0.079488,0.0,9936,0.0
2025-11-01T05:38:41Z,0.148912,0.0,18614,0.0
2025-11-01T05:38:41Z,0.028096,0.0,3512,0.0
2025-11-01T05:38:41Z,0.142816,0.0,17852,0.0
2025-11-01T05:38:41Z,0.065072,0.0,8134,0.0
2025-11-01T05:38:41Z,0.087264,0.0,10908,0.0
2025-11-01T05:38:41Z,0.067448,0.0,8431,0.0
2025-11-01T05:38:41Z,0.060528,0.0,7566,0.0
2025-11-01T05:38:41Z,0.12688,0.0,15860,0.0
2025-11-01T05:38:41Z,0.086632,0.0,10829,0.0
2025-11-01T05:38:41Z,0.060848,0.0,7606,0.0
2025-11-01T05:38:42Z,0.043744,0.0,5468,0.0
2025-11-01T05:38:42Z,0.087024,0.0,10878,0.0
2025-11-01T05:38:42Z,0.051352,0.0,6419,0.0
2025-11-01T05:38:42Z,0.028696,0.0,3587,0.0
2025-11-01T05:38:42Z,0.069944,0.0,8743,0.0
2025-11-01T05:38:42Z,0.044024,0.0,5503,0.0
2025-11-01T05:38:42Z,0.039744,0.0,4968,0.0
2025-11-01T05:38:42Z,0.187992,0.0,23499,0.0
2025-11-01T05:38:42Z,0.199128,0.0,24891,0.0
2025-11-01T05:38:42Z,0.009952,0.0,1244,0.0
2025-11-01T05:38:42Z,0.034616,0.0,4327,0.0
2025-11-01T05:38:42Z,0.567976,0.0,70997,0.0
2025-11-01T05:38:42Z,0.063488,0.0,7936,0.0
2025-11-01T05:38:42Z,0.009192,0.0,1149,0.0
2025-11-01T05:38:42Z,0.087,0.0,10875,0.0
2025-11-01T05:38:43Z,0.115216,0.0,14402,0.0
2025-11-01T05:38:43Z,0.121584,0.0,15198,0.0
2025-11-01T05:38:43Z,0.09292,0.0,11615,0.0
2025-11-01T05:38:43Z,0.089416,0.0,11177,0.0
2025-11-01T05:38:43Z,0.062592,0.0,7824,0.0
2025-11-01T05:38:43Z,0.04932,0.0,6165,0.0
2025-11-01T05:38:43Z,0.042728,0.0,5341,0.0
2025-11-01T05:38:43Z,0.101536,0.0,12692,0.0
2025-11-01T05:38:43Z,0.063472,0.0,7934,0.0
2025-11-01T05:38:43Z,0.065088,0.0,8136,0.0
2025-11-01T05:38:43Z,0.048008,0.0,6001,0.0
2025-11-01T05:38:43Z,0.0436,0.0,5450,0.0
2025-11-01T05:38:43Z,0.0588,0.0,7350,0.0
2025-11-01T05:38:43Z,0.091704,0.0,11463,0.0
2025-11-01T05:38:43Z,0.081152,0.0,10144,0.0
2025-11-01T05:38:44Z,0.076096,0.0,9512,0.0
2025-11-01T05:38:44Z,0.136464,0.0,17058,0.0
2025-11-01T05:38:44Z,0.038504,0.0,4813,0.0
2025-11-01T05:38:44Z,0.057488,0.0,7186,0.0
2025-11-01T05:38:44Z,0.074944,0.0,9368,0.0
2025-11-01T05:38:44Z,0.116568,0.0,14571,0.0
2025-11-01T05:38:44Z,0.084024,0.0,10503,0.0
2025-11-01T05:38:44Z,0.074568,0.0,9321,0.0
2025-11-01T05:38:44Z,0.102792,0.0,12849,0.0
2025-11-01T05:38:44Z,0.070528,0.0,8816,0.0
2025-11-01T05:38:44Z,0.080264,0.0,10033,0.0
2025-11-01T05:38:44Z,0.531328,0.0,66416,0.0
2025-11-01T05:38:44Z,0.085376,0.0,10672,0.0
2025-11-01T05:38:44Z,0.106536,0.0,13317,0.0
2025-11-01T05:38:44Z,0.115504,0.0,14438,0.0
2025-11-01T05:38:45Z,0.157936,0.0,19742,0.0
2025-11-01T05:38:45Z,0.059904,0.0,7488,0.0
2025-11-01T05:38:45Z,0.07876,0.0,9845,0.0
2025-11-01T05:38:45Z,0.118584,0.0,14823,0.0
2025-11-01T05:38:45Z,0.088112,0.0,11014,0.0
2025-11-01T05:38:45Z,0.064344,0.0,8043,0.0
2025-11-01T05:38:45Z,0.055864,0.0,6983,0.0
2025-11-01T05:38:45Z,0.053672,0.0,6709,0.0
2025-11-01T05:38:45Z,0.044512,0.0,5564,0.0
2025-11-01T05:38:45Z,0.042248,0.0,5281,0.0
2025-11-01T05:38:45Z,0.044864,0.0,5608,0.0
2025-11-01T05:38:45Z,0.143928,0.0,17991,0.0
2025-11-01T05:38:45Z,0.023488,0.0,2936,0.0
2025-11-01T05:38:45Z,0.130272,0.0,16284,0.0
2025-11-01T05:38:45Z,0.096416,0.0,12052,0.0
2025-11-01T05:38:46Z,0.094248,0.0,11781,0.0
2025-11-01T05:38:46Z,0.07712,0.0,9640,0.0
2025-11-01T05:38:46Z,0.087368,0.0,10921,0.0
2025-11-01T05:38:46Z,0.07296,0.0,9120,0.0
2025-11-01T05:38:46Z,0.070648,0.0,8831,0.0
2025-11-01T05:38:46Z,0.0676,0.0,8450,0.0
2025-11-01T05:38:46Z,0.088864,0.0,11108,0.0
2025-11-01T05:38:46Z,0.086616,0.0,10827,0.0
2025-11-01T05:38:46Z,0.075328,0.0,9416,0.0
2025-11-01T05:38:46Z,0.07416,0.0,9270,0.0
2025-11-01T05:38:46Z,0.076304,0.0,9538,0.0
2025-11-01T05:38:46Z,0.480136,0.0,60017,0.0
2025-11-01T05:38:46Z,0.086512,0.0,10814,0.0
2025-11-01T05:38:46Z,0.111216,0.0,13902,0.0
2025-11-01T05:38:46Z,0.147064,0.0,18383,0.0
2025-11-01T05:38:47Z,0.148776,0.0,18597,0.0
2025-11-01T05:38:47Z,0.083752,0.0,10469,0.0
2025-11-01T05:38:47Z,0.093296,0.0,11662,0.0
2025-11-01T05:38:47Z,0.130176,0.0,16272,0.0
2025-11-01T05:38:47Z,0.032984,0.0,4123,0.0
2025-11-01T05:38:47Z,0.087736,0.0,10967,0.0
2025-11-01T05:38:47Z,0.058472,0.0,7309,0.0
2025-11-01T05:38:47Z,0.049312,0.0,6164,0.0
2025-11-01T05:38:47Z,0.043688,0.0,5461,0.0
2025-11-01T05:38:47Z,0.052624,0.0,6578,0.0
2025-11-01T05:38:47Z,0.041888,0.0,5236,0.0
2025-11-01T05:38:47Z,0.161552,0.0,20194,0.0
2025-11-01T05:38:47Z,0.095184,0.0,11898,0.0
2025-11-01T05:38:47Z,0.083688,0.0,10461,0.0
2025-11-01T05:38:47Z,0.076976,0.0,9622,0.0
2025-11-01T05:38:48Z,0.07548,0.0,9435,0.0
2025-11-01T05:38:48Z,0.088288,0.0,11036,0.0
2025-11-01T05:38:48Z,0.069928,0.0,8741,0.0
2025-11-01T05:38:48Z,0.075,0.0,9375,0.0
2025-11-01T05:38:48Z,0.070728,0.0,8841,0.0
2025-11-01T05:38:48Z,0.067352,0.0,8419,0.0
2025-11-01T05:38:48Z,0.091016,0.0,11377,0.0
2025-11-01T05:38:48Z,0.080424,0.0,10053,0.0
2025-11-01T05:38:48Z,0.084192,0.0,10524,0.0
2025-11-01T05:38:48Z,0.075976,0.0,9497,0.0
2025-11-01T05:38:48Z,0.074064,0.0,9258,0.0
2025-11-01T05:38:48Z,0.481992,0.0,60249,0.0
2025-11-01T05:38:48Z,0.115936,0.0,14492,0.0
2025-11-01T05:38:48Z,0.107608,0.0,13451,0.0
2025-11-01T05:38:48Z,0.134544,0.0,16818,0.0
2025-11-01T05:38:49Z,0.130992,0.0,16374,0.0
2025-11-01T05:38:49Z,0.094976,0.0,11872,0.0
2025-11-01T05:38:49Z,0.096832,0.0,12104,0.0
2025-11-01T05:38:49Z,0.067616,0.0,8452,0.0
2025-11-01T05:38:49Z,0.116896,0.0,14612,0.0
2025-11-01T05:38:49Z,0.0676,0.0,8450,0.0
2025-11-01T05:38:49Z,0.072296,0.0,9037,0.0
2025-11-01T05:38:49Z,0.054616,0.0,6827,0.0
2025-11-01T05:38:49Z,0.051744,0.0,6468,0.0
2025-11-01T05:38:49Z,0.066896,0.0,8362,0.0
2025-11-01T05:38:49Z,0.046944,0.0,5868,0.0
2025-11-01T05:38:49Z,0.086896,0.0,10862,0.0
2025-11-01T05:38:49Z,0.088936,0.0,11117,0.0
2025-11-01T05:38:49Z,0.06084,0.0,7605,0.0
2025-11-01T05:38:49Z,0.048392,0.0,6049,0.0
2025-11-01T05:38:50Z,0.046304,0.0,5788,0.0
2025-11-01T05:38:50Z,0.06172,0.0,7715,0.0
2025-11-01T05:38:50Z,0.160648,0.0,20081,0.0
2025-11-01T05:38:50Z,0.09188,0.0,11485,0.0
2025-11-01T05:38:50Z,0.078784,0.0,9848,0.0
2025-11-01T05:38:50Z,0.082336,0.0,10292,0.0
2025-11-01T05:38:50Z,0.073776,0.0,9222,0.0
2025-11-01T05:38:50Z,0.08456,0.0,10570,0.0
2025-11-01T05:38:50Z,0.082392,0.0,10299,0.0
2025-11-01T05:38:50Z,0.082544,0.0,10318,0.0
2025-11-01T05:38:50Z,0.078688,0.0,9836,0.0
2025-11-01T05:38:50Z,0.48328,0.0,60410,0.0
2025-11-01T05:38:50Z,0.116032,0.0,14504,0.0
2025-11-01T05:38:50Z,0.11504,0.0,14380,0.0
2025-11-01T05:38:50Z,0.124048,0.0,15506,0.0
2025-11-01T05:38:51Z,0.15656,0.0,19570,0.0
2025-11-01T05:38:51Z,0.047584,0.0,5948,0.0
2025-11-01T05:38:51Z,0.107144,0.0,13393,0.0
2025-11-01T05:38:51Z,0.109512,0.0,13689,0.0
2025-11-01T05:38:51Z,0.041664,0.0,5208,0.0
2025-11-01T05:38:51Z,0.092488,0.0,11561,0.0
2025-11-01T05:38:51Z,0.0612,0.0,7650,0.0
2025-11-01T05:38:51Z,0.052632,0.0,6579,0.0
2025-11-01T05:38:51Z,0.051072,0.0,6384,0.0
2025-11-01T05:38:51Z,0.04376,0.0,5470,0.0
2025-11-01T05:38:51Z,0.040768,0.0,5096,0.0
2025-11-01T05:38:51Z,0.06028,0.0,7535,0.0
2025-11-01T05:38:51Z,0.043848,0.0,5481,0.0
2025-11-01T05:38:51Z,0.076768,0.0,9596,0.0
2025-11-01T05:38:51Z,0.07228,0.0,9035,0.0
2025-11-01T05:38:52Z,0.07936,0.0,9920,0.0
2025-11-01T05:38:52Z,0.078864,0.0,9858,0.0
2025-11-01T05:38:52Z,0.084632,0.0,10579,0.0
2025-11-01T05:38:52Z,0.144168,0.0,18021,0.0
2025-11-01T05:38:52Z,0.056904,0.0,7113,0.0
2025-11-01T05:38:52Z,0.056808,0.0,7101,0.0
2025-11-01T05:38:52Z,0.076664,0.0,9583,0.0
2025-11-01T05:38:52Z,0.12956,0.0,16195,0.0
2025-11-01T05:38:52Z,0.076368,0.0,9546,0.0
2025-11-01T05:38:52Z,0.075328,0.0,9416,0.0
2025-11-01T05:38:52Z,0.085848,0.0,10731,0.0
2025-11-01T05:38:52Z,0.436992,0.0,54624,0.0
2025-11-01T05:38:52Z,0.115176,0.0,14397,0.0
2025-11-01T05:38:52Z,0.153264,0.0,19158,0.0
2025-11-01T05:38:52Z,0.151672,0.0,18959,0.0
2025-11-01T05:38:53Z,0.147456,0.0,18432,0.0
2025-11-01T05:38:53Z,0.07376,0.0,9220,0.0
2025-11-01T05:38:53Z,0.094504,0.0,11813,0.0
2025-11-01T05:38:53Z,0.055168,0.0,6896,0.0
2025-11-01T05:38:53Z,0.116664,0.0,14583,0.0
2025-11-01T05:38:53Z,0.071824,0.0,8978,0.0
2025-11-01T05:38:53Z,0.057704,0.0,7213,0.0
2025-11-01T05:38:53Z,0.053744,0.0,6718,0.0
2025-11-01T05:38:53Z,0.049984,0.0,6248,0.0
2025-11-01T05:38:53Z,0.044208,0.0,5526,0.0
2025-11-01T05:38:53Z,0.040088,0.0,5011,0.0
2025-11-01T05:38:53Z,0.15976,0.0,19970,0.0
2025-11-01T05:38:53Z,0.018728,0.0,2341,0.0
2025-11-01T05:38:53Z,0.111368,0.0,13921,0.0
2025-11-01T05:38:53Z,0.087752,0.0,10969,0.0
2025-11-01T05:38:54Z,0.076968,0.0,9621,0.0
2025-11-01T05:38:54Z,0.075472,0.0,9434,0.0
2025-11-01T05:38:54Z,0.0764,0.0,9550,0.0
2025-11-01T05:38:54Z,0.086448,0.0,10806,0.0
2025-11-01T05:38:54Z,0.074208,0.0,9276,0.0
2025-11-01T05:38:54Z,0.080232,0.0,10029,0.0
2025-11-01T05:38:54Z,0.049688,0.0,6211,0.0
2025-11-01T05:38:54Z,0.117616,0.0,14702,0.0
2025-11-01T05:38:54Z,0.064088,0.0,8011,0.0
2025-11-01T05:38:54Z,0.077672,0.0,9709,0.0
2025-11-01T05:38:54Z,0.073424,0.0,9178,0.0
2025-11-01T05:38:54Z,0.486296,0.0,60787,0.0
2025-11-01T05:38:54Z,0.08636,0.0,10795,0.0
2025-11-01T05:38:54Z,0.15568,0.0,19460,0.0
2025-11-01T05:38:54Z,0.137088,0.0,17136,0.0
2025-11-01T05:38:55Z,0.128576,0.0,16072,0.0
2025-11-01T05:38:55Z,0.081816,0.0,10227,0.0
2025-11-01T05:38:55Z,0.10296,0.0,12870,0.0
2025-11-01T05:38:55Z,0.057176,0.0,7147,0.0
2025-11-01T05:38:55Z,0.115536,0.0,14442,0.0
2025-11-01T05:38:55Z,0.068608,0.0,8576,0.0
2025-11-01T05:38:55Z,0.061576,0.0,7697,0.0
2025-11-01T05:38:55Z,0.05076,0.0,6345,0.0
2025-11-01T05:38:55Z,0.046512,0.0,5814,0.0
2025-11-01T05:38:55Z,0.043584,0.0,5448,0.0
2025-11-01T05:38:55Z,0.04192,0.0,5240,0.0
2025-11-01T05:38:55Z,0.040256,0.0,5032,0.0
2025-11-01T05:38:55Z,0.138248,0.0,17281,0.0
2025-11-01T05:38:55Z,0.101672,0.0,12709,0.0
2025-11-01T05:38:55Z,0.085704,0.0,10713,0.0
2025-11-01T05:38:56Z,0.076224,0.0,9528,0.0
2025-11-01T05:38:56Z,0.0742,0.0,9275,0.0
2025-11-01T05:38:56Z,0.076224,0.0,9528,0.0
2025-11-01T05:38:56Z,0.072704,0.0,9088,0.0
2025-11-01T05:38:56Z,0.074192,0.0,9274,0.0
2025-11-01T05:38:56Z,0.092208,0.0,11526,0.0
2025-11-01T05:38:56Z,0.0796,0.0,9950,0.0
2025-11-01T05:38:56Z,0.080832,0.0,10104,0.0
2025-11-01T05:38:56Z,0.099856,0.0,12482,0.0
2025-11-01T05:38:56Z,0.072024,0.0,9003,0.0
2025-11-01T05:38:56Z,0.076664,0.0,9583,0.0
2025-11-01T05:38:56Z,0.43896,0.0,54870,0.0
2025-11-01T05:38:56Z,0.101576,0.0,12697,0.0
2025-11-01T05:38:56Z,0.167968,0.0,20996,0.0
2025-11-01T05:38:56Z,0.154104,0.0,19263,0.0
2025-11-01T05:38:57Z,0.140856,0.0,17607,0.0
2025-11-01T05:38:57Z,0.0232,0.0,2900,0.0
2025-11-01T05:38:57Z,0.123248,0.0,15406,0.0
2025-11-01T05:38:57Z,0.071432,0.0,8929,0.0
2025-11-01T05:38:57Z,0.12012,0.0,15015,0.0
2025-11-01T05:38:57Z,0.069152,0.0,8644,0.0
2025-11-01T05:38:57Z,0.057416,0.0,7177,0.0
2025-11-01T05:38:57Z,0.050056,0.0,6257,0.0
2025-11-01T05:38:57Z,0.047344,0.0,5918,0.0
2025-11-01T05:38:57Z,0.04272,0.0,5340,0.0
2025-11-01T05:38:57Z,0.046416,0.0,5802,0.0
2025-11-01T05:38:57Z,0.039488,0.0,4936,0.0
2025-11-01T05:38:57Z,0.046608,0.0,5826,0.0
2025-11-01T05:38:57Z,0.110296,0.0,13787,0.0
2025-11-01T05:38:57Z,0.050176,0.0,6272,0.0
2025-11-01T05:38:58Z,0.085488,0.0,10686,0.0
2025-11-01T05:38:58Z,0.086696,0.0,10837,0.0
2025-11-01T05:38:58Z,0.06764,0.0,8455,0.0
2025-11-01T05:38:58Z,0.081656,0.0,10207,0.0
2025-11-01T05:38:58Z,0.069784,0.0,8723,0.0
2025-11-01T05:38:58Z,0.092016,0.0,11502,0.0
2025-11-01T05:38:58Z,0.071544,0.0,8943,0.0
2025-11-01T05:38:58Z,0.069088,0.0,8636,0.0
2025-11-01T05:38:58Z,0.136696,0.0,17087,0.0
2025-11-01T05:38:58Z,0.074736,0.0,9342,0.0
2025-11-01T05:38:58Z,0.074304,0.0,9288,0.0
2025-11-01T05:38:58Z,0.438688,0.0,54836,0.0
2025-11-01T05:38:58Z,0.124872,0.0,15609,0.0
2025-11-01T05:38:58Z,0.130936,0.0,16367,0.0
2025-11-01T05:38:58Z,0.158888,0.0,19861,0.0
2025-11-01T05:38:59Z,0.109712,0.0,13714,0.0
2025-11-01T05:38:59Z,0.12532,0.0,15665,0.0
2025-11-01T05:38:59Z,0.06532,0.0,8165,0.0
2025-11-01T05:38:59Z,0.080888,0.0,10111,0.0
2025-11-01T05:38:59Z,0.12328,0.0,15410,0.0
2025-11-01T05:38:59Z,0.08052,0.0,10065,0.0
2025-11-01T05:38:59Z,0.107776,0.0,13472,0.0
2025-11-01T05:38:59Z,0.051168,0.0,6396,0.0
2025-11-01T05:38:59Z,0.033976,0.0,4247,0.0
2025-11-01T05:38:59Z,0.057568,0.0,7196,0.0
2025-11-01T05:38:59Z,0.075904,0.0,9488,0.0
2025-11-01T05:38:59Z,0.057448,0.0,7181,0.0
2025-11-01T05:38:59Z,0.048128,0.0,6016,0.0
2025-11-01T05:38:59Z,0.047976,0.0,5997,0.0
2025-11-01T05:38:59Z,0.071144,0.0,8893,0.0
2025-11-01T05:39:00Z,0.070592,0.0,8824,0.0
2025-11-01T05:39:00Z,0.125136,0.0,15642,0.0
2025-11-01T05:39:00Z,0.085488,0.0,10686,0.0
2025-11-01T05:39:00Z,0.05024,0.0,6280,0.0
2025-11-01T05:39:00Z,0.073672,0.0,9209,0.0
2025-11-01T05:39:00Z,0.112432,0.0,14054,0.0
2025-11-01T05:39:00Z,0.078216,0.0,9777,0.0
2025-11-01T05:39:00Z,0.071384,0.0,8923,0.0
2025-11-01T05:39:00Z,0.075128,0.0,9391,0.0
2025-11-01T05:39:00Z,0.07556,0.0,9445,0.0
2025-11-01T05:39:00Z,0.136888,0.0,17111,0.0
2025-11-01T05:39:00Z,0.440032,0.0,55004,0.0
2025-11-01T05:39:00Z,0.128008,0.0,16001,0.0
2025-11-01T05:39:00Z,0.147936,0.0,18492,0.0
2025-11-01T05:39:00Z,0.15872,0.0,19840,0.0
2025-11-01T05:39:01Z,0.118712,0.0,14839,0.0
2025-11-01T05:39:01Z,0.048816,0.0,6102,0.0
2025-11-01T05:39:01Z,0.110384,0.0,13798,0.0
2025-11-01T05:39:01Z,0.119344,0.0,14918,0.0
2025-11-01T05:39:01Z,0.103648,0.0,12956,0.0
2025-11-01T05:39:01Z,0.049736,0.0,6217,0.0
2025-11-01T05:39:01Z,0.093952,0.0,11744,0.0
2025-11-01T05:39:01Z,0.064344,0.0,8043,0.0
2025-11-01T05:39:01Z,0.080632,0.0,10079,0.0
2025-11-01T05:39:01Z,0.119112,0.0,14889,0.0
2025-11-01T05:39:01Z,0.063992,0.0,7999,0.0
2025-11-01T05:39:01Z,0.055944,0.0,6993,0.0
2025-11-01T05:39:01Z,0.043608,0.0,5451,0.0
2025-11-01T05:39:01Z,0.090896,0.0,11362,0.0
2025-11-01T05:39:01Z,0.071488,0.0,8936,0.0
2025-11-01T05:39:02Z,0.056752,0.0,7094,0.0
2025-11-01T05:39:02Z,0.047648,0.0,5956,0.0
2025-11-01T05:39:02Z,0.048416,0.0,6052,0.0
2025-11-01T05:39:02Z,0.055672,0.0,6959,0.0
2025-11-01T05:39:02Z,0.042368,0.0,5296,0.0
2025-11-01T05:39:02Z,0.166992,0.0,20874,0.0
2025-11-01T05:39:02Z,0.23904,0.0,29880,0.0
2025-11-01T05:39:02Z,0.019368,0.0,2421,0.0
2025-11-01T05:39:02Z,0.018696,0.0,2337,0.0
2025-11-01T05:39:02Z,0.036336,0.0,4542,0.0
2025-11-01T05:39:02Z,0.161536,0.0,20192,0.0
2025-11-01T05:39:02Z,0.440544,0.0,55068,0.0
2025-11-01T05:39:02Z,0.20264,0.0,25330,0.0
2025-11-01T05:39:02Z,0.204112,0.0,25514,0.0
2025-11-01T05:39:02Z,0.001576,0.0,197,0.0
2025-11-01T05:39:03Z,0.039504,0.0,4938,0.0
2025-11-01T05:39:03Z,0.129568,0.0,16196,0.0
2025-11-01T05:39:03Z,0.07396,0.0,9245,0.0
2025-11-01T05:39:03Z,0.080552,0.0,10069,0.0
2025-11-01T05:39:03Z,0.04936,0.0,6170,0.0
2025-11-01T05:39:03Z,0.048608,0.0,6076,0.0
2025-11-01T05:39:03Z,0.10064,0.0,12580,0.0
2025-11-01T05:39:03Z,0.059072,0.0,7384,0.0
2025-11-01T05:39:03Z,0.063088,0.0,7886,0.0
2025-11-01T05:39:03Z,0.051664,0.0,6458,0.0
2025-11-01T05:39:03Z,0.055672,0.0,6959,0.0
2025-11-01T05:39:03Z,0.044608,0.0,5576,0.0
2025-11-01T05:39:03Z,0.050048,0.0,6256,0.0
2025-11-01T05:39:03Z,0.040592,0.0,5074,0.0
2025-11-01T05:39:03Z,0.13608,0.0,17010,0.0
2025-11-01T05:39:04Z,0.197616,0.0,24702,0.0
2025-11-01T05:39:04Z,0.016384,0.0,2048,0.0
2025-11-01T05:39:04Z,0.143824,0.0,17978,0.0
2025-11-01T05:39:04Z,0.059472,0.0,7434,0.0
2025-11-01T05:39:04Z,0.131328,0.0,16416,0.0
2025-11-01T05:39:04Z,0.046384,0.0,5798,0.0
2025-11-01T05:39:04Z,0.075304,0.0,9413,0.0
2025-11-01T05:39:04Z,0.146856,0.0,18357,0.0
2025-11-01T05:39:04Z,0.181528,0.0,22691,0.0
2025-11-01T05:39:04Z,0.084536,0.0,10567,0.0
2025-11-01T05:39:04Z,0.058512,0.0,7314,0.0
2025-11-01T05:39:04Z,0.412664,0.0,51583,0.0
2025-11-01T05:39:04Z,0.101448,0.0,12681,0.0
2025-11-01T05:39:04Z,0.12172,0.0,15215,0.0
2025-11-01T05:39:04Z,0.144096,0.0,18012,0.0
2025-11-01T05:39:05Z,0.130952,0.0,16369,0.0
2025-11-01T05:39:05Z,0.113992,0.0,14249,0.0
2025-11-01T05:39:05Z,0.066504,0.0,8313,0.0
2025-11-01T05:39:05Z,0.111696,0.0,13962,0.0
2025-11-01T05:39:05Z,0.114856,0.0,14357,0.0
2025-11-01T05:39:05Z,0.14492,0.0,18115,0.0
2025-11-01T05:39:05Z,0.126848,0.0,15856,0.0
2025-11-01T05:39:05Z,0.146304,0.0,18288,0.0
2025-11-01T05:39:05Z,0.104232,0.0,13029,0.0
2025-11-01T05:39:05Z,0.072888,0.0,9111,0.0
2025-11-01T05:39:05Z,0.083808,0.0,10476,0.0
2025-11-01T05:39:05Z,0.046264,0.0,5783,0.0
2025-11-01T05:39:05Z,0.08484,0.0,10605,0.0
2025-11-01T05:39:05Z,0.133728,0.0,16716,0.0
2025-11-01T05:39:05Z,0.156064,0.0,19508,0.0
2025-11-01T05:39:06Z,0.1386,0.0,17325,0.0
2025-11-01T05:39:06Z,0.105536,0.0,13192,0.0
2025-11-01T05:39:06Z,0.079656,0.0,9957,0.0
2025-11-01T05:39:06Z,0.073848,0.0,9231,0.0
2025-11-01T05:39:06Z,0.02428,0.0,3035,0.0
2025-11-01T05:39:06Z,0.06288,0.0,7860,0.0
2025-11-01T05:39:06Z,0.10924,0.0,13655,0.0
2025-11-01T05:39:06Z,0.131416,0.0,16427,0.0
2025-11-01T05:39:06Z,0.116424,0.0,14553,0.0
2025-11-01T05:39:06Z,0.102312,0.0,12789,0.0
2025-11-01T05:39:06Z,0.048656,0.0,6082,0.0
2025-11-01T05:39:06Z,0.223976,0.0,27997,0.0
2025-11-01T05:39:06Z,0.042704,0.0,5338,0.0
2025-11-01T05:39:06Z,0.079296,0.0,9912,0.0
2025-11-01T05:39:06Z,0.086352,0.0,10794,0.0
2025-11-01T05:39:07Z,0.095456,0.0,11932,0.0
2025-11-01T05:39:07Z,0.105312,0.0,13164,0.0
2025-11-01T05:39:07Z,0.083184,0.0,10398,0.0
2025-11-01T05:39:07Z,0.066992,0.0,8374,0.0
2025-11-01T05:39:07Z,0.07148,0.0,8935,0.0
2025-11-01T05:39:07Z,0.140408,0.0,17551,0.0
2025-11-01T05:39:07Z,0.079032,0.0,9879,0.0
2025-11-01T05:39:07Z,0.091968,0.0,11496,0.0
2025-11-01T05:39:07Z,0.057768,0.0,7221,0.0
2025-11-01T05:39:07Z,0.025072,0.0,3134,0.0
2025-11-01T05:39:07Z,0.078624,0.0,9828,0.0
2025-11-01T05:39:07Z,0.080128,0.0,10016,0.0
2025-11-01T05:39:07Z,0.050928,0.0,6366,0.0
2025-11-01T05:39:07Z,0.06528,0.0,8160,0.0
2025-11-01T05:39:07Z,0.03476,0.0,4345,0.0
2025-11-01T05:39:08Z,0.027576,0.0,3447,0.0
2025-11-01T05:39:08Z,0.074088,0.0,9261,0.0
2025-11-01T05:39:08Z,0.053688,0.0,6711,0.0
2025-11-01T05:39:08Z,0.092168,0.0,11521,0.0
2025-11-01T05:39:08Z,0.11724,0.0,14655,0.0
2025-11-01T05:39:08Z,0.012312,0.0,1539,0.0
2025-11-01T05:39:08Z,0.087152,0.0,10894,0.0
2025-11-01T05:39:08Z,0.111872,0.0,13984,0.0
2025-11-01T05:39:08Z,0.05108,0.0,6385,0.0
2025-11-01T05:39:08Z,0.06448,0.0,8060,0.0
2025-11-01T05:39:08Z,0.06396,0.0,7995,0.0
2025-11-01T05:39:08Z,0.44072,0.0,55090,0.0
2025-11-01T05:39:08Z,0.119344,0.0,14918,0.0
2025-11-01T05:39:08Z,0.109872,0.0,13734,0.0
2025-11-01T05:39:08Z,0.03052,0.0,3815,0.0
2025-11-01T05:39:09Z,0.1154,0.0,14425,0.0
2025-11-01T05:39:09Z,0.07672,0.0,9590,0.0
2025-11-01T05:39:09Z,0.11408,0.0,14260,0.0
2025-11-01T05:39:09Z,0.063336,0.0,7917,0.0
2025-11-01T05:39:09Z,0.043936,0.0,5492,0.0
2025-11-01T05:39:09Z,0.03804,0.0,4755,0.0
2025-11-01T05:39:09Z,0.030672,0.0,3834,0.0
2025-11-01T05:39:09Z,0.11876,0.0,14845,0.0
2025-11-01T05:39:09Z,0.051608,0.0,6451,0.0
2025-11-01T05:39:09Z,0.048328,0.0,6041,0.0
2025-11-01T05:39:09Z,0.08616,0.0,10770,0.0
2025-11-01T05:39:09Z,0.073848,0.0,9231,0.0
2025-11-01T05:39:09Z,0.068184,0.0,8523,0.0
2025-11-01T05:39:09Z,0.081824,0.0,10228,0.0
2025-11-01T05:39:09Z,0.055352,0.0,6919,0.0
2025-11-01T05:39:10Z,0.068272,0.0,8534,0.0
2025-11-01T05:39:10Z,0.078944,0.0,9868,0.0
2025-11-01T05:39:10Z,0.070304,0.0,8788,0.0
2025-11-01T05:39:10Z,0.0678,0.0,8475,0.0
2025-11-01T05:39:10Z,0.061552,0.0,7694,0.0
2025-11-01T05:39:10Z,0.067,0.0,8375,0.0
2025-11-01T05:39:10Z,0.075144,0.0,9393,0.0
2025-11-01T05:39:10Z,0.062624,0.0,7828,0.0
2025-11-01T05:39:10Z,0.072656,0.0,9082,0.0
2025-11-01T05:39:10Z,0.071872,0.0,8984,0.0
2025-11-01T05:39:10Z,0.075,0.0,9375,0.0
2025-11-01T05:39:10Z,0.440904,0.0,55113,0.0
2025-11-01T05:39:10Z,0.102912,0.0,12864,0.0
2025-11-01T05:39:10Z,0.172896,0.0,21612,0.0
2025-11-01T05:39:10Z,0.103928,0.0,12991,0.0
2025-11-01T05:39:11Z,0.106104,0.0,13263,0.0
2025-11-01T05:39:11Z,0.046936,0.0,5867,0.0
2025-11-01T05:39:11Z,0.127816,0.0,15977,0.0
2025-11-01T05:39:11Z,0.053728,0.0,6716,0.0
2025-11-01T05:39:11Z,0.042288,0.0,5286,0.0
2025-11-01T05:39:11Z,0.078944,0.0,9868,0.0
2025-11-01T05:39:11Z,0.053592,0.0,6699,0.0
2025-11-01T05:39:11Z,0.052184,0.0,6523,0.0
2025-11-01T05:39:11Z,0.038528,0.0,4816,0.0
2025-11-01T05:39:11Z,0.035104,0.0,4388,0.0
2025-11-01T05:39:11Z,0.040432,0.0,5054,0.0
2025-11-01T05:39:11Z,0.12004,0.0,15005,0.0
2025-11-01T05:39:11Z,0.184824,0.0,23103,0.0
2025-11-01T05:39:11Z,0.010536,0.0,1317,0.0
2025-11-01T05:39:11Z,0.072664,0.0,9083,0.0
2025-11-01T05:39:12Z,0.063336,0.0,7917,0.0
2025-11-01T05:39:12Z,0.065688,0.0,8211,0.0
2025-11-01T05:39:12Z,0.076136,0.0,9517,0.0
2025-11-01T05:39:12Z,0.075312,0.0,9414,0.0
2025-11-01T05:39:12Z,0.064184,0.0,8023,0.0
2025-11-01T05:39:12Z,0.07204,0.0,9005,0.0
2025-11-01T05:39:12Z,0.065784,0.0,8223,0.0
2025-11-01T05:39:12Z,0.068776,0.0,8597,0.0
2025-11-01T05:39:12Z,0.06764,0.0,8455,0.0
2025-11-01T05:39:12Z,0.068768,0.0,8596,0.0
2025-11-01T05:39:12Z,0.068528,0.0,8566,0.0
2025-11-01T05:39:12Z,0.440904,0.0,55113,0.0
2025-11-01T05:39:12Z,0.126472,0.0,15809,0.0
2025-11-01T05:39:12Z,0.158136,0.0,19767,0.0
2025-11-01T05:39:12Z,0.11176,0.0,13970,0.0
2025-11-01T05:39:13Z,0.08676,0.0,10845,0.0
2025-11-01T05:39:13Z,0.151952,0.0,18994,0.0
2025-11-01T05:39:13Z,0.062328,0.0,7791,0.0
2025-11-01T05:39:13Z,0.084048,0.0,10506,0.0
2025-11-01T05:39:13Z,0.05964,0.0,7455,0.0
2025-11-01T05:39:13Z,0.052464,0.0,6558,0.0
2025-11-01T05:39:13Z,0.1036,0.0,12950,0.0
2025-11-01T05:39:13Z,0.066872,0.0,8359,0.0
2025-11-01T05:39:13Z,0.053672,0.0,6709,0.0
2025-11-01T05:39:13Z,0.047968,0.0,5996,0.0
2025-11-01T05:39:13Z,0.045832,0.0,5729,0.0
2025-11-01T05:39:13Z,0.043312,0.0,5414,0.0
2025-11-01T05:39:13Z,0.041464,0.0,5183,0.0
2025-11-01T05:39:13Z,0.086208,0.0,10776,0.0
2025-11-01T05:39:13Z,0.067776,0.0,8472,0.0
2025-11-01T05:39:13Z,0.070848,0.0,8856,0.0
2025-11-01T05:39:14Z,0.079976,0.0,9997,0.0
2025-11-01T05:39:14Z,0.067216,0.0,8402,0.0
2025-11-01T05:39:14Z,0.070336,0.0,8792,0.0
2025-11-01T05:39:14Z,0.131304,0.0,16413,0.0
2025-11-01T05:39:14Z,0.084096,0.0,10512,0.0
2025-11-01T05:39:14Z,0.035496,0.0,4437,0.0
2025-11-01T05:39:14Z,0.139584,0.0,17448,0.0
2025-11-01T05:39:14Z,0.077208,0.0,9651,0.0
2025-11-01T05:39:14Z,0.09704,0.0,12130,0.0
2025-11-01T05:39:14Z,0.122312,0.0,15289,0.0
2025-11-01T05:39:14Z,0.44024,0.0,55030,0.0
2025-11-01T05:39:14Z,0.080184,0.0,10023,0.0
2025-11-01T05:39:14Z,0.105072,0.0,13134,0.0
2025-11-01T05:39:14Z,0.148032,0.0,18504,0.0
2025-11-01T05:39:14Z,0.141016,0.0,17627,0.0
2025-11-01T05:39:15Z,0.137744,0.0,17218,0.0
2025-11-01T05:39:15Z,0.072208,0.0,9026,0.0
2025-11-01T05:39:15Z,0.092336,0.0,11542,0.0
2025-11-01T05:39:15Z,0.073496,0.0,9187,0.0
2025-11-01T05:39:15Z,0.101472,0.0,12684,0.0
2025-11-01T05:39:15Z,0.1018,0.0,12725,0.0
2025-11-01T05:39:15Z,0.060056,0.0,7507,0.0
2025-11-01T05:39:15Z,0.068416,0.0,8552,0.0
2025-11-01T05:39:15Z,0.05724,0.0,7155,0.0
2025-11-01T05:39:15Z,0.042904,0.0,5363,0.0
2025-11-01T05:39:15Z,0.091456,0.0,11432,0.0
2025-11-01T05:39:15Z,0.072008,0.0,9001,0.0
2025-11-01T05:39:15Z,0.054768,0.0,6846,0.0
2025-11-01T05:39:15Z,0.067648,0.0,8456,0.0
2025-11-01T05:39:16Z,0.062232,0.0,7779,0.0
2025-11-01T05:39:16Z,0.043184,0.0,5398,0.0
2025-11-01T05:39:16Z,0.052416,0.0,6552,0.0
2025-11-01T05:39:16Z,0.146376,0.0,18297,0.0
2025-11-01T05:39:16Z,0.143248,0.0,17906,0.0
2025-11-01T05:39:16Z,0.03088,0.0,3860,0.0
2025-11-01T05:39:16Z,0.049016,0.0,6127,0.0
2025-11-01T05:39:16Z,0.074672,0.0,9334,0.0
2025-11-01T05:39:16Z,0.077232,0.0,9654,0.0
2025-11-01T05:39:16Z,0.077528,0.0,9691,0.0
2025-11-01T05:39:16Z,0.079536,0.0,9942,0.0
2025-11-01T05:39:16Z,0.439312,0.0,54914,0.0
2025-11-01T05:39:16Z,0.102184,0.0,12773,0.0
2025-11-01T05:39:16Z,0.157088,0.0,19636,0.0
2025-11-01T05:39:16Z,0.14604,0.0,18255,0.0
2025-11-01T05:39:16Z,0.149904,0.0,18738,0.0
2025-11-01T05:39:17Z,0.046264,0.0,5783,0.0
2025-11-01T05:39:17Z,0.091136,0.0,11392,0.0
2025-11-01T05:39:17Z,0.0936,0.0,11700,0.0
2025-11-01T05:39:17Z,0.051896,0.0,6487,0.0
2025-11-01T05:39:17Z,0.040712,0.0,5089,0.0
2025-11-01T05:39:17Z,0.108304,0.0,13538,0.0
2025-11-01T05:39:17Z,0.063024,0.0,7878,0.0
2025-11-01T05:39:17Z,0.06984,0.0,8730,0.0
2025-11-01T05:39:17Z,0.068496,0.0,8562,0.0
2025-11-01T05:39:17Z,0.087792,0.0,10974,0.0
2025-11-01T05:39:17Z,0.054688,0.0,6836,0.0
2025-11-01T05:39:17Z,0.089672,0.0,11209,0.0
2025-11-01T05:39:17Z,0.05744,0.0,7180,0.0
2025-11-01T05:39:17Z,0.044152,0.0,5519,0.0
2025-11-01T05:39:18Z,0.053384,0.0,6673,0.0
2025-11-01T05:39:18Z,0.143048,0.0,17881,0.0
2025-11-01T05:39:18Z,0.089848,0.0,11231,0.0
2025-11-01T05:39:18Z,0.054208,0.0,6776,0.0
2025-11-01T05:39:18Z,0.088008,0.0,11001,0.0
2025-11-01T05:39:18Z,0.08268,0.0,10335,0.0
2025-11-01T05:39:18Z,0.07796,0.0,9745,0.0
2025-11-01T05:39:18Z,0.07972,0.0,9965,0.0
2025-11-01T05:39:18Z,0.157984,0.0,19748,0.0
2025-11-01T05:39:18Z,0.043416,0.0,5427,0.0
2025-11-01T05:39:18Z,0.091896,0.0,11487,0.0
2025-11-01T05:39:18Z,0.439944,0.0,54993,0.0
2025-11-01T05:39:18Z,0.087064,0.0,10883,0.0
2025-11-01T05:39:18Z,0.129616,0.0,16202,0.0
2025-11-01T05:39:18Z,0.155008,0.0,19376,0.0
2025-11-01T05:39:18Z,0.1648,0.0,20600,0.0
2025-11-01T05:39:19Z,0.081104,0.0,10138,0.0
2025-11-01T05:39:19Z,0.118384,0.0,14798,0.0
2025-11-01T05:39:19Z,0.032576,0.0,4072,0.0
2025-11-01T05:39:19Z,0.065,0.0,8125,0.0
2025-11-01T05:39:19Z,0.04272,0.0,5340,0.0
2025-11-01T05:39:19Z,0.103248,0.0,12906,0.0
2025-11-01T05:39:19Z,0.070736,0.0,8842,0.0
2025-11-01T05:39:19Z,0.055536,0.0,6942,0.0
2025-11-01T05:39:19Z,0.05008,0.0,6260,0.0
2025-11-01T05:39:19Z,0.040952,0.0,5119,0.0
2025-11-01T05:39:19Z,0.041288,0.0,5161,0.0
2025-11-01T05:39:19Z,0.042112,0.0,5264,0.0
2025-11-01T05:39:19Z,0.144952,0.0,18119,0.0
2025-11-01T05:39:19Z,0.205256,0.0,25657,0.0
2025-11-01T05:39:19Z,0.042576,0.0,5322,0.0
2025-11-01T05:39:20Z,0.031424,0.0,3928,0.0
2025-11-01T05:39:20Z,0.092688,0.0,11586,0.0
2025-11-01T05:39:20Z,0.056208,0.0,7026,0.0
2025-11-01T05:39:20Z,0.089624,0.0,11203,0.0
2025-11-01T05:39:20Z,0.07496,0.0,9370,0.0
2025-11-01T05:39:20Z,0.06888,0.0,8610,0.0
2025-11-01T05:39:20Z,0.079336,0.0,9917,0.0
2025-11-01T05:39:20Z,0.13344,0.0,16680,0.0
2025-11-01T05:39:20Z,0.053712,0.0,6714,0.0
2025-11-01T05:39:20Z,0.083872,0.0,10484,0.0
2025-11-01T05:39:20Z,0.438984,0.0,54873,0.0
2025-11-01T05:39:20Z,0.111672,0.0,13959,0.0
2025-11-01T05:39:20Z,0.141328,0.0,17666,0.0
2025-11-01T05:39:20Z,0.156592,0.0,19574,0.0
2025-11-01T05:39:20Z,0.113984,0.0,14248,0.0
2025-11-01T05:39:21Z,0.134688,0.0,16836,0.0
2025-11-01T05:39:21Z,0.06164,0.0,7705,0.0
2025-11-01T05:39:21Z,0.065472,0.0,8184,0.0
2025-11-01T05:39:21Z,0.0894,0.0,11175,0.0
2025-11-01T05:39:21Z,0.0578,0.0,7225,0.0
2025-11-01T05:39:21Z,0.089608,0.0,11201,0.0
2025-11-01T05:39:21Z,0.043536,0.0,5442,0.0
2025-11-01T05:39:21Z,0.038768,0.0,4846,0.0
2025-11-01T05:39:21Z,0.106592,0.0,13324,0.0
2025-11-01T05:39:21Z,0.07772,0.0,9715,0.0
2025-11-01T05:39:21Z,0.075048,0.0,9381,0.0
2025-11-01T05:39:21Z,0.045992,0.0,5749,0.0
2025-11-01T05:39:21Z,0.064104,0.0,8013,0.0
2025-11-01T05:39:21Z,0.058032,0.0,7254,0.0
2025-11-01T05:39:21Z,0.06024,0.0,7530,0.0
2025-11-01T05:39:22Z,0.067976,0.0,8497,0.0
2025-11-01T05:39:22Z,0.086472,0.0,10809,0.0
2025-11-01T05:39:22Z,0.079008,0.0,9876,0.0
2025-11-01T05:39:22Z,0.068848,0.0,8606,0.0
2025-11-01T05:39:22Z,0.070304,0.0,8788,0.0
2025-11-01T05:39:22Z,0.080952,0.0,10119,0.0
2025-11-01T05:39:22Z,0.081552,0.0,10194,0.0
2025-11-01T05:39:22Z,0.074776,0.0,9347,0.0
2025-11-01T05:39:22Z,0.067752,0.0,8469,0.0
2025-11-01T05:39:22Z,0.129216,0.0,16152,0.0
2025-11-01T05:39:22Z,0.437984,0.0,54748,0.0
2025-11-01T05:39:22Z,0.122008,0.0,15251,0.0
2025-11-01T05:39:22Z,0.176664,0.0,22083,0.0
2025-11-01T05:39:22Z,0.094512,0.0,11814,0.0
2025-11-01T05:39:22Z,0.105008,0.0,13126,0.0
2025-11-01T05:39:23Z,0.115384,0.0,14423,0.0
2025-11-01T05:39:23Z,0.065864,0.0,8233,0.0
2025-11-01T05:39:23Z,0.082256,0.0,10282,0.0
2025-11-01T05:39:23Z,0.10648,0.0,13310,0.0
2025-11-01T05:39:23Z,0.0812,0.0,10150,0.0
2025-11-01T05:39:23Z,0.061144,0.0,7643,0.0
2025-11-01T05:39:23Z,0.056408,0.0,7051,0.0
2025-11-01T05:39:23Z,0.049568,0.0,6196,0.0
2025-11-01T05:39:23Z,0.053256,0.0,6657,0.0
2025-11-01T05:39:23Z,0.043472,0.0,5434,0.0
2025-11-01T05:39:23Z,0.0468,0.0,5850,0.0
2025-11-01T05:39:23Z,0.037728,0.0,4716,0.0
2025-11-01T05:39:23Z,0.142072,0.0,17759,0.0
2025-11-01T05:39:23Z,0.026416,0.0,3302,0.0
2025-11-01T05:39:23Z,0.052064,0.0,6508,0.0
2025-11-01T05:39:24Z,0.106192,0.0,13274,0.0
2025-11-01T05:39:24Z,0.119904,0.0,14988,0.0
2025-11-01T05:39:24Z,0.037248,0.0,4656,0.0
2025-11-01T05:39:24Z,0.071896,0.0,8987,0.0
2025-11-01T05:39:24Z,0.121968,0.0,15246,0.0
2025-11-01T05:39:24Z,0.102648,0.0,12831,0.0
2025-11-01T05:39:24Z,0.088776,0.0,11097,0.0
2025-11-01T05:39:24Z,0.071376,0.0,8922,0.0
2025-11-01T05:39:24Z,0.062016,0.0,7752,0.0
2025-11-01T05:39:24Z,0.109648,0.0,13706,0.0
2025-11-01T05:39:24Z,0.438264,0.0,54783,0.0
2025-11-01T05:39:24Z,0.1242,0.0,15525,0.0
2025-11-01T05:39:24Z,0.132216,0.0,16527,0.0
2025-11-01T05:39:24Z,0.16036,0.0,20045,0.0
2025-11-01T05:39:24Z,0.093096,0.0,11637,0.0
2025-11-01T05:39:25Z,0.104984,0.0,13123,0.0
2025-11-01T05:39:25Z,0.114296,0.0,14287,0.0
2025-11-01T05:39:25Z,0.071816,0.0,8977,0.0
2025-11-01T05:39:25Z,0.048408,0.0,6051,0.0
2025-11-01T05:39:25Z,0.065664,0.0,8208,0.0
2025-11-01T05:39:25Z,0.106472,0.0,13309,0.0
2025-11-01T05:39:25Z,0.06384,0.0,7980,0.0
2025-11-01T05:39:25Z,0.06948,0.0,8685,0.0
2025-11-01T05:39:25Z,0.052624,0.0,6578,0.0
2025-11-01T05:39:25Z,0.04532,0.0,5665,0.0
2025-11-01T05:39:25Z,0.0454,0.0,5675,0.0
2025-11-01T05:39:25Z,0.042024,0.0,5253,0.0
2025-11-01T05:39:25Z,0.039672,0.0,4959,0.0
2025-11-01T05:39:25Z,0.114888,0.0,14361,0.0
2025-11-01T05:39:25Z,0.131384,0.0,16423,0.0
2025-11-01T05:39:26Z,0.083664,0.0,10458,0.0
2025-11-01T05:39:26Z,0.089616,0.0,11202,0.0
2025-11-01T05:39:26Z,0.072224,0.0,9028,0.0
2025-11-01T05:39:26Z,0.083464,0.0,10433,0.0
2025-11-01T05:39:26Z,0.058432,0.0,7304,0.0
2025-11-01T05:39:26Z,0.071328,0.0,8916,0.0
2025-11-01T05:39:26Z,0.07296,0.0,9120,0.0
2025-11-01T05:39:26Z,0.103032,0.0,12879,0.0
2025-11-01T05:39:26Z,0.06796,0.0,8495,0.0
2025-11-01T05:39:26Z,0.076144,0.0,9518,0.0
2025-11-01T05:39:26Z,0.485616,0.0,60702,0.0
2025-11-01T05:39:26Z,0.086736,0.0,10842,0.0
2025-11-01T05:39:26Z,0.155312,0.0,19414,0.0
2025-11-01T05:39:26Z,0.137824,0.0,17228,0.0
2025-11-01T05:39:27Z,0.12504,0.0,15630,0.0
2025-11-01T05:39:27Z,0.085392,0.0,10674,0.0
2025-11-01T05:39:27Z,0.105672,0.0,13209,0.0
2025-11-01T05:39:27Z,0.054416,0.0,6802,0.0
2025-11-01T05:39:27Z,0.122136,0.0,15267,0.0
2025-11-01T05:39:27Z,0.070688,0.0,8836,0.0
2025-11-01T05:39:27Z,0.058392,0.0,7299,0.0
2025-11-01T05:39:27Z,0.054056,0.0,6757,0.0
2025-11-01T05:39:27Z,0.07252,0.0,9065,0.0
2025-11-01T05:39:27Z,0.048688,0.0,6086,0.0
2025-11-01T05:39:27Z,0.060776,0.0,7597,0.0
2025-11-01T05:39:27Z,0.042224,0.0,5278,0.0
2025-11-01T05:39:27Z,0.042072,0.0,5259,0.0
2025-11-01T05:39:27Z,0.140704,0.0,17588,0.0
2025-11-01T05:39:27Z,0.027936,0.0,3492,0.0
2025-11-01T05:39:27Z,0.124616,0.0,15577,0.0
2025-11-01T05:39:28Z,0.075776,0.0,9472,0.0
2025-11-01T05:39:28Z,0.247896,0.0,30987,0.0
2025-11-01T05:39:28Z,0.184592,0.0,23074,0.0
2025-11-01T05:39:28Z,0.228496,0.0,28562,0.0
2025-11-01T05:39:28Z,0.186952,0.0,23369,0.0
2025-11-01T05:39:28Z,0.117432,0.0,14679,0.0
2025-11-01T05:39:28Z,0.10888,0.0,13610,0.0
2025-11-01T05:39:28Z,0.164816,0.0,20602,0.0
2025-11-01T05:39:28Z,0.062904,0.0,7863,0.0
2025-11-01T05:39:28Z,0.136752,0.0,17094,0.0
2025-11-01T05:39:28Z,0.10636,0.0,13295,0.0
2025-11-01T05:39:28Z,0.096272,0.0,12034,0.0
2025-11-01T05:39:28Z,0.049544,0.0,6193,0.0
2025-11-01T05:39:28Z,0.081704,0.0,10213,0.0
2025-11-01T05:39:28Z,0.08728,0.0,10910,0.0
2025-11-01T05:39:29Z,0.075,0.0,9375,0.0
2025-11-01T05:39:29Z,0.15724,0.0,19655,0.0
2025-11-01T05:39:29Z,0.072968,0.0,9121,0.0
2025-11-01T05:39:29Z,0.155,0.0,19375,0.0
2025-11-01T05:39:29Z,0.093968,0.0,11746,0.0
2025-11-01T05:39:29Z,0.149232,0.0,18654,0.0
2025-11-01T05:39:29Z,0.0664,0.0,8300,0.0
2025-11-01T05:39:29Z,0.035248,0.0,4406,0.0
2025-11-01T05:39:29Z,0.071832,0.0,8979,0.0
2025-11-01T05:39:29Z,0.151048,0.0,18881,0.0
2025-11-01T05:39:29Z,0.117168,0.0,14646,0.0
2025-11-01T05:39:29Z,0.062712,0.0,7839,0.0
2025-11-01T05:39:29Z,0.111624,0.0,13953,0.0
2025-11-01T05:39:29Z,0.07772,0.0,9715,0.0
2025-11-01T05:39:29Z,0.116544,0.0,14568,0.0
2025-11-01T05:39:30Z,0.131888,0.0,16486,0.0
2025-11-01T05:39:30Z,0.113512,0.0,14189,0.0
2025-11-01T05:39:30Z,0.10384,0.0,12980,0.0
2025-11-01T05:39:30Z,0.0824,0.0,10300,0.0
2025-11-01T05:39:30Z,0.065944,0.0,8243,0.0
2025-11-01T05:39:30Z,0.094648,0.0,11831,0.0
2025-11-01T05:39:30Z,0.10716,0.0,13395,0.0
2025-11-01T05:39:30Z,0.11808,0.0,14760,0.0
2025-11-01T05:39:30Z,0.096736,0.0,12092,0.0
2025-11-01T05:39:30Z,0.121104,0.0,15138,0.0
2025-11-01T05:39:30Z,0.197648,0.0,24706,0.0
2025-11-01T05:39:30Z,0.015176,0.0,1897,0.0
2025-11-01T05:39:30Z,0.05476,0.0,6845,0.0
2025-11-01T05:39:30Z,0.0716,0.0,8950,0.0
2025-11-01T05:39:31Z,0.109912,0.0,13739,0.0
2025-11-01T05:39:31Z,0.0926,0.0,11575,0.0
2025-11-01T05:39:31Z,0.090424,0.0,11303,0.0
2025-11-01T05:39:31Z,0.102288,0.0,12786,0.0
2025-11-01T05:39:31Z,0.132416,0.0,16552,0.0
2025-11-01T05:39:31Z,0.098496,0.0,12312,0.0
2025-11-01T05:39:31Z,0.101432,0.0,12679,0.0
2025-11-01T05:39:31Z,0.071784,0.0,8973,0.0
2025-11-01T05:39:31Z,0.07792,0.0,9740,0.0
2025-11-01T05:39:31Z,0.081304,0.0,10163,0.0
2025-11-01T05:39:31Z,0.1022,0.0,12775,0.0
2025-11-01T05:39:31Z,0.08628,0.0,10785,0.0
2025-11-01T05:39:31Z,0.113,0.0,14125,0.0
2025-11-01T05:39:31Z,0.140576,0.0,17572,0.0
2025-11-01T05:39:31Z,0.132952,0.0,16619,0.0
2025-11-01T05:39:31Z,0.048264,0.0,6033,0.0
2025-11-01T05:39:32Z,0.10604,0.0,13255,0.0
2025-11-01T05:39:32Z,0.119112,0.0,14889,0.0
2025-11-01T05:39:32Z,0.10708,0.0,13385,0.0
2025-11-01T05:39:32Z,0.096008,0.0,12001,0.0
2025-11-01T05:39:32Z,0.097704,0.0,12213,0.0
2025-11-01T05:39:32Z,0.104344,0.0,13043,0.0
2025-11-01T05:39:32Z,0.090832,0.0,11354,0.0
2025-11-01T05:39:32Z,0.08668,0.0,10835,0.0
2025-11-01T05:39:32Z,0.079576,0.0,9947,0.0
2025-11-01T05:39:32Z,0.05612,0.0,7015,0.0
2025-11-01T05:39:32Z,0.287256,0.0,35907,0.0
2025-11-01T05:39:32Z,0.015256,0.0,1907,0.0
2025-11-01T05:39:32Z,0.06732,0.0,8415,0.0
2025-11-01T05:39:32Z,0.0992,0.0,12400,0.0
2025-11-01T05:39:33Z,0.056352,0.0,7044,0.0
2025-11-01T05:39:33Z,0.090264,0.0,11283,0.0
2025-11-01T05:39:33Z,0.094752,0.0,11844,0.0
2025-11-01T05:39:33Z,0.077448,0.0,9681,0.0
2025-11-01T05:39:33Z,0.101816,0.0,12727,0.0
2025-11-01T05:39:33Z,0.070992,0.0,8874,0.0
2025-11-01T05:39:33Z,0.02872,0.0,3590,0.0
2025-11-01T05:39:33Z,0.051656,0.0,6457,0.0
2025-11-01T05:39:33Z,0.10668,0.0,13335,0.0
2025-11-01T05:39:33Z,0.052656,0.0,6582,0.0
2025-11-01T05:39:33Z,0.03956,0.0,4945,0.0
2025-11-01T05:39:33Z,0.022808,0.0,2851,0.0
2025-11-01T05:39:33Z,0.098464,0.0,12308,0.0
2025-11-01T05:39:33Z,0.031424,0.0,3928,0.0
2025-11-01T05:39:33Z,0.054184,0.0,6773,0.0
2025-11-01T05:39:33Z,0.1168,0.0,14600,0.0
2025-11-01T05:39:34Z,0.119696,0.0,14962,0.0
2025-11-01T05:39:34Z,0.017424,0.0,2178,0.0
2025-11-01T05:39:34Z,0.081952,0.0,10244,0.0
2025-11-01T05:39:34Z,0.074568,0.0,9321,0.0
2025-11-01T05:39:34Z,0.068056,0.0,8507,0.0
2025-11-01T05:39:34Z,0.06168,0.0,7710,0.0
2025-11-01T05:39:34Z,0.074232,0.0,9279,0.0
2025-11-01T05:39:34Z,0.062664,0.0,7833,0.0
2025-11-01T05:39:34Z,0.067912,0.0,8489,0.0
2025-11-01T05:39:34Z,0.067168,0.0,8396,0.0
2025-11-01T05:39:34Z,0.434792,0.0,54349,0.0
2025-11-01T05:39:34Z,0.093632,0.0,11704,0.0
2025-11-01T05:39:34Z,0.116896,0.0,14612,0.0
2025-11-01T05:39:34Z,0.017288,0.0,2161,0.0
2025-11-01T05:39:34Z,0.11804,0.0,14755,0.0
2025-11-01T05:39:35Z,0.03384,0.0,4230,0.0
2025-11-01T05:39:35Z,0.06256,0.0,7820,0.0
2025-11-01T05:39:35Z,0.033176,0.0,4147,0.0
2025-11-01T05:39:35Z,0.090376,0.0,11297,0.0
2025-11-01T05:39:35Z,0.042864,0.0,5358,0.0
2025-11-01T05:39:35Z,0.057384,0.0,7173,0.0
2025-11-01T05:39:35Z,0.094144,0.0,11768,0.0
2025-11-01T05:39:35Z,0.075624,0.0,9453,0.0
2025-11-01T05:39:35Z,0.06876,0.0,8595,0.0
2025-11-01T05:39:35Z,0.073656,0.0,9207,0.0
2025-11-01T05:39:35Z,0.07572,0.0,9465,0.0
2025-11-01T05:39:35Z,0.066392,0.0,8299,0.0
2025-11-01T05:39:35Z,0.0684,0.0,8550,0.0
2025-11-01T05:39:35Z,0.062376,0.0,7797,0.0
2025-11-01T05:39:36Z,0.07904,0.0,9880,0.0
2025-11-01T05:39:36Z,0.0534,0.0,6675,0.0
2025-11-01T05:39:36Z,0.07168,0.0,8960,0.0
2025-11-01T05:39:36Z,0.070056,0.0,8757,0.0
2025-11-01T05:39:36Z,0.067432,0.0,8429,0.0
2025-11-01T05:39:36Z,0.07564,0.0,9455,0.0
2025-11-01T05:39:36Z,0.066888,0.0,8361,0.0
2025-11-01T05:39:36Z,0.069648,0.0,8706,0.0
2025-11-01T05:39:36Z,0.062456,0.0,7807,0.0
2025-11-01T05:39:36Z,0.07008,0.0,8760,0.0
2025-11-01T05:39:36Z,0.075696,0.0,9462,0.0
2025-11-01T05:39:36Z,0.435288,0.0,54411,0.0
2025-11-01T05:39:36Z,0.097736,0.0,12217,0.0
2025-11-01T05:39:36Z,0.127872,0.0,15984,0.0
2025-11-01T05:39:36Z,0.125192,0.0,15649,0.0
2025-11-01T05:39:36Z,0.09472,0.0,11840,0.0
2025-11-01T05:39:37Z,0.06136,0.0,7670,0.0
2025-11-01T05:39:37Z,0.113472,0.0,14184,0.0
2025-11-01T05:39:37Z,0.065136,0.0,8142,0.0
2025-11-01T05:39:37Z,0.035592,0.0,4449,0.0
2025-11-01T05:39:37Z,0.109312,0.0,13664,0.0
2025-11-01T05:39:37Z,0.060072,0.0,7509,0.0
2025-11-01T05:39:37Z,0.046384,0.0,5798,0.0
2025-11-01T05:39:37Z,0.035176,0.0,4397,0.0
2025-11-01T05:39:37Z,0.079848,0.0,9981,0.0
2025-11-01T05:39:37Z,0.052152,0.0,6519,0.0
2025-11-01T05:39:37Z,0.030928,0.0,3866,0.0
2025-11-01T05:39:37Z,0.134512,0.0,16814,0.0
2025-11-01T05:39:37Z,0.194552,0.0,24319,0.0
2025-11-01T05:39:37Z,0.015512,0.0,1939,0.0
2025-11-01T05:39:37Z,0.018248,0.0,2281,0.0
2025-11-01T05:39:38Z,0.090064,0.0,11258,0.0
2025-11-01T05:39:38Z,0.15336,0.0,19170,0.0
2025-11-01T05:39:38Z,0.013208,0.0,1651,0.0
2025-11-01T05:39:38Z,0.075096,0.0,9387,0.0
2025-11-01T05:39:38Z,0.13608,0.0,17010,0.0
2025-11-01T05:39:38Z,0.023232,0.0,2904,0.0
2025-11-01T05:39:38Z,0.058136,0.0,7267,0.0
2025-11-01T05:39:38Z,0.075752,0.0,9469,0.0
2025-11-01T05:39:38Z,0.1084,0.0,13550,0.0
2025-11-01T05:39:38Z,0.070656,0.0,8832,0.0
2025-11-01T05:39:38Z,0.482424,0.0,60303,0.0
2025-11-01T05:39:38Z,0.070192,0.0,8774,0.0
2025-11-01T05:39:38Z,0.1324,0.0,16550,0.0
2025-11-01T05:39:38Z,0.12976,0.0,16220,0.0
2025-11-01T05:39:38Z,0.098984,0.0,12373,0.0
2025-11-01T05:39:39Z,0.121304,0.0,15163,0.0
2025-11-01T05:39:39Z,0.098256,0.0,12282,0.0
2025-11-01T05:39:39Z,0.0494,0.0,6175,0.0
2025-11-01T05:39:39Z,0.089536,0.0,11192,0.0
2025-11-01T05:39:39Z,0.079392,0.0,9924,0.0
2025-11-01T05:39:39Z,0.052552,0.0,6569,0.0
2025-11-01T05:39:39Z,0.056528,0.0,7066,0.0
2025-11-01T05:39:39Z,0.03552,0.0,4440,0.0
2025-11-01T05:39:39Z,0.034248,0.0,4281,0.0
2025-11-01T05:39:39Z,0.086344,0.0,10793,0.0
2025-11-01T05:39:39Z,0.072608,0.0,9076,0.0
2025-11-01T05:39:39Z,0.032472,0.0,4059,0.0
2025-11-01T05:39:39Z,0.08504,0.0,10630,0.0
2025-11-01T05:39:39Z,0.085088,0.0,10636,0.0
2025-11-01T05:39:39Z,0.061008,0.0,7626,0.0
2025-11-01T05:39:40Z,0.079584,0.0,9948,0.0
2025-11-01T05:39:40Z,0.077688,0.0,9711,0.0
2025-11-01T05:39:40Z,0.077184,0.0,9648,0.0
2025-11-01T05:39:40Z,0.117776,0.0,14722,0.0
2025-11-01T05:39:40Z,0.121424,0.0,15178,0.0
2025-11-01T05:39:40Z,0.062096,0.0,7762,0.0
2025-11-01T05:39:40Z,0.071912,0.0,8989,0.0
2025-11-01T05:39:40Z,0.087016,0.0,10877,0.0
2025-11-01T05:39:40Z,0.10228,0.0,12785,0.0
2025-11-01T05:39:40Z,0.05712,0.0,7140,0.0
2025-11-01T05:39:40Z,0.434144,0.0,54268,0.0
2025-11-01T05:39:40Z,0.090144,0.0,11268,0.0
2025-11-01T05:39:40Z,0.127216,0.0,15902,0.0
2025-11-01T05:39:40Z,0.109848,0.0,13731,0.0
2025-11-01T05:39:40Z,0.106616,0.0,13327,0.0
2025-11-01T05:39:41Z,0.143648,0.0,17956,0.0
2025-11-01T05:39:41Z,0.109392,0.0,13674,0.0
2025-11-01T05:39:41Z,0.095176,0.0,11897,0.0
2025-11-01T05:39:41Z,0.069888,0.0,8736,0.0
2025-11-01T05:39:41Z,0.04812,0.0,6015,0.0
2025-11-01T05:39:41Z,0.038288,0.0,4786,0.0
2025-11-01T05:39:41Z,0.034152,0.0,4269,0.0
2025-11-01T05:39:41Z,0.089504,0.0,11188,0.0
2025-11-01T05:39:41Z,0.0572,0.0,7150,0.0
2025-11-01T05:39:41Z,0.055856,0.0,6982,0.0
2025-11-01T05:39:41Z,0.045128,0.0,5641,0.0
2025-11-01T05:39:41Z,0.046176,0.0,5772,0.0
2025-11-01T05:39:41Z,0.142584,0.0,17823,0.0
2025-11-01T05:39:41Z,0.204288,0.0,25536,0.0
2025-11-01T05:39:41Z,0.012704,0.0,1588,0.0
2025-11-01T05:39:42Z,0.019664,0.0,2458,0.0
2025-11-01T05:39:42Z,0.101944,0.0,12743,0.0
2025-11-01T05:39:42Z,0.17568,0.0,21960,0.0
2025-11-01T05:39:42Z,0.013184,0.0,1648,0.0
2025-11-01T05:39:42Z,0.082088,0.0,10261,0.0
2025-11-01T05:39:42Z,0.233424,0.0,29178,0.0
2025-11-01T05:39:42Z,0.135664,0.0,16958,0.0
2025-11-01T05:39:42Z,0.128344,0.0,16043,0.0
2025-11-01T05:39:42Z,0.1192,0.0,14900,0.0
2025-11-01T05:39:42Z,0.048904,0.0,6113,0.0
2025-11-01T05:39:42Z,0.404592,0.0,50574,0.0
2025-11-01T05:39:42Z,0.062032,0.0,7754,0.0
2025-11-01T05:39:42Z,0.087208,0.0,10901,0.0
2025-11-01T05:39:42Z,0.117472,0.0,14684,0.0
2025-11-01T05:39:42Z,0.153544,0.0,19193,0.0
2025-11-01T05:39:43Z,0.067928,0.0,8491,0.0
2025-11-01T05:39:43Z,0.113048,0.0,14131,0.0
2025-11-01T05:39:43Z,0.096976,0.0,12122,0.0
2025-11-01T05:39:43Z,0.082592,0.0,10324,0.0
2025-11-01T05:39:43Z,0.11484,0.0,14355,0.0
2025-11-01T05:39:43Z,0.042136,0.0,5267,0.0
2025-11-01T05:39:43Z,0.1112,0.0,13900,0.0
2025-11-01T05:39:43Z,0.063952,0.0,7994,0.0
2025-11-01T05:39:43Z,0.076376,0.0,9547,0.0
2025-11-01T05:39:43Z,0.128616,0.0,16077,0.0
2025-11-01T05:39:43Z,0.077256,0.0,9657,0.0
2025-11-01T05:39:43Z,0.037112,0.0,4639,0.0
2025-11-01T05:39:43Z,0.05876,0.0,7345,0.0
2025-11-01T05:39:43Z,0.048232,0.0,6029,0.0
2025-11-01T05:39:43Z,0.068056,0.0,8507,0.0
2025-11-01T05:39:44Z,0.060608,0.0,7576,0.0
2025-11-01T05:39:44Z,0.054688,0.0,6836,0.0
2025-11-01T05:39:44Z,0.05472,0.0,6840,0.0
2025-11-01T05:39:44Z,0.039656,0.0,4957,0.0
2025-11-01T05:39:44Z,0.149848,0.0,18731,0.0
2025-11-01T05:39:44Z,0.158776,0.0,19847,0.0
2025-11-01T05:39:44Z,0.072784,0.0,9098,0.0
2025-11-01T05:39:44Z,0.047152,0.0,5894,0.0
2025-11-01T05:39:44Z,0.045536,0.0,5692,0.0
2025-11-01T05:39:44Z,0.081296,0.0,10162,0.0
2025-11-01T05:39:44Z,0.431928,0.0,53991,0.0
2025-11-01T05:39:44Z,0.150712,0.0,18839,0.0
2025-11-01T05:39:44Z,0.177864,0.0,22233,0.0
2025-11-01T05:39:44Z,0.085504,0.0,10688,0.0
2025-11-01T05:39:44Z,0.116944,0.0,14618,0.0
2025-11-01T05:39:45Z,0.050296,0.0,6287,0.0
2025-11-01T05:39:45Z,0.11992,0.0,14990,0.0
2025-11-01T05:39:45Z,0.107712,0.0,13464,0.0
2025-11-01T05:39:45Z,0.057568,0.0,7196,0.0
2025-11-01T05:39:45Z,0.048136,0.0,6017,0.0
2025-11-01T05:39:45Z,0.07424,0.0,9280,0.0
2025-11-01T05:39:45Z,0.043656,0.0,5457,0.0
2025-11-01T05:39:45Z,0.033432,0.0,4179,0.0
2025-11-01T05:39:45Z,0.063336,0.0,7917,0.0
2025-11-01T05:39:45Z,0.044008,0.0,5501,0.0
2025-11-01T05:39:45Z,0.054088,0.0,6761,0.0
2025-11-01T05:39:45Z,0.092864,0.0,11608,0.0
2025-11-01T05:39:45Z,0.082344,0.0,10293,0.0
2025-11-01T05:39:45Z,0.0516,0.0,6450,0.0
2025-11-01T05:39:45Z,0.118472,0.0,14809,0.0
2025-11-01T05:39:46Z,0.042912,0.0,5364,0.0
2025-11-01T05:39:46Z,0.102392,0.0,12799,0.0
2025-11-01T05:39:46Z,0.069928,0.0,8741,0.0
2025-11-01T05:39:46Z,0.077104,0.0,9638,0.0
2025-11-01T05:39:46Z,0.072992,0.0,9124,0.0
2025-11-01T05:39:46Z,0.071072,0.0,8884,0.0
2025-11-01T05:39:46Z,0.076664,0.0,9583,0.0
2025-11-01T05:39:46Z,0.073056,0.0,9132,0.0
2025-11-01T05:39:46Z,0.074264,0.0,9283,0.0
2025-11-01T05:39:46Z,0.151704,0.0,18963,0.0
2025-11-01T05:39:46Z,0.430624,0.0,53828,0.0
2025-11-01T05:39:46Z,0.126776,0.0,15847,0.0
2025-11-01T05:39:46Z,0.135848,0.0,16981,0.0
2025-11-01T05:39:46Z,0.14144,0.0,17680,0.0
2025-11-01T05:39:46Z,0.052296,0.0,6537,0.0
2025-11-01T05:39:47Z,0.158968,0.0,19871,0.0
2025-11-01T05:39:47Z,0.083152,0.0,10394,0.0
2025-11-01T05:39:47Z,0.04696,0.0,5870,0.0
2025-11-01T05:39:47Z,0.087064,0.0,10883,0.0
2025-11-01T05:39:47Z,0.061328,0.0,7666,0.0
2025-11-01T05:39:47Z,0.054216,0.0,6777,0.0
2025-11-01T05:39:47Z,0.086536,0.0,10817,0.0
2025-11-01T05:39:47Z,0.04664,0.0,5830,0.0
2025-11-01T05:39:47Z,0.13944,0.0,17430,0.0
2025-11-01T05:39:47Z,0.082696,0.0,10337,0.0
2025-11-01T05:39:47Z,0.068968,0.0,8621,0.0
2025-11-01T05:39:47Z,0.064488,0.0,8061,0.0
2025-11-01T05:39:47Z,0.036648,0.0,4581,0.0
2025-11-01T05:39:47Z,0.08172,0.0,10215,0.0
2025-11-01T05:39:47Z,0.07616,0.0,9520,0.0
2025-11-01T05:39:48Z,0.057064,0.0,7133,0.0
2025-11-01T05:39:48Z,0.059264,0.0,7408,0.0
2025-11-01T05:39:48Z,0.067936,0.0,8492,0.0
2025-11-01T05:39:48Z,0.11004,0.0,13755,0.0
2025-11-01T05:39:48Z,0.065368,0.0,8171,0.0
2025-11-01T05:39:48Z,0.083152,0.0,10394,0.0
2025-11-01T05:39:48Z,0.061632,0.0,7704,0.0
2025-11-01T05:39:48Z,0.072704,0.0,9088,0.0
2025-11-01T05:39:48Z,0.07704,0.0,9630,0.0
2025-11-01T05:39:48Z,0.074584,0.0,9323,0.0
2025-11-01T05:39:48Z,0.431328,0.0,53916,0.0
2025-11-01T05:39:48Z,0.107912,0.0,13489,0.0
2025-11-01T05:39:48Z,0.155088,0.0,19386,0.0
2025-11-01T05:39:48Z,0.135664,0.0,16958,0.0
2025-11-01T05:39:48Z,0.16456,0.0,20570,0.0
2025-11-01T05:39:49Z,0.03548,0.0,4435,0.0
2025-11-01T05:39:49Z,0.10748,0.0,13435,0.0
2025-11-01T05:39:49Z,0.086816,0.0,10852,0.0
2025-11-01T05:39:49Z,0.055128,0.0,6891,0.0
2025-11-01T05:39:49Z,0.047688,0.0,5961,0.0
2025-11-01T05:39:49Z,0.100432,0.0,12554,0.0
2025-11-01T05:39:49Z,0.069112,0.0,8639,0.0
2025-11-01T05:39:49Z,0.053488,0.0,6686,0.0
2025-11-01T05:39:49Z,0.044392,0.0,5549,0.0
2025-11-01T05:39:49Z,0.045104,0.0,5638,0.0
2025-11-01T05:39:49Z,0.04076,0.0,5095,0.0
2025-11-01T05:39:49Z,0.047936,0.0,5992,0.0
2025-11-01T05:39:49Z,0.099336,0.0,12417,0.0
2025-11-01T05:39:49Z,0.055184,0.0,6898,0.0
2025-11-01T05:39:49Z,0.085696,0.0,10712,0.0
2025-11-01T05:39:50Z,0.082912,0.0,10364,0.0
2025-11-01T05:39:50Z,0.069944,0.0,8743,0.0
2025-11-01T05:39:50Z,0.081968,0.0,10246,0.0
2025-11-01T05:39:50Z,0.110688,0.0,13836,0.0
2025-11-01T05:39:50Z,0.075776,0.0,9472,0.0
2025-11-01T05:39:50Z,0.057888,0.0,7236,0.0
2025-11-01T05:39:50Z,0.105968,0.0,13246,0.0
2025-11-01T05:39:50Z,0.079184,0.0,9898,0.0
2025-11-01T05:39:50Z,0.07768,0.0,9710,0.0
2025-11-01T05:39:50Z,0.081904,0.0,10238,0.0
2025-11-01T05:39:50Z,0.430576,0.0,53822,0.0
2025-11-01T05:39:50Z,0.101152,0.0,12644,0.0
2025-11-01T05:39:50Z,0.189016,0.0,23627,0.0
2025-11-01T05:39:50Z,0.149968,0.0,18746,0.0
2025-11-01T05:39:50Z,0.117008,0.0,14626,0.0
2025-11-01T05:39:51Z,0.080992,0.0,10124,0.0
2025-11-01T05:39:51Z,0.08928,0.0,11160,0.0
2025-11-01T05:39:51Z,0.061368,0.0,7671,0.0
2025-11-01T05:39:51Z,0.099552,0.0,12444,0.0
2025-11-01T05:39:51Z,0.083272,0.0,10409,0.0
2025-11-01T05:39:51Z,0.059296,0.0,7412,0.0
2025-11-01T05:39:51Z,0.054808,0.0,6851,0.0
2025-11-01T05:39:51Z,0.044896,0.0,5612,0.0
2025-11-01T05:39:51Z,0.05556,0.0,6945,0.0
2025-11-01T05:39:51Z,0.041512,0.0,5189,0.0
2025-11-01T05:39:51Z,0.039064,0.0,4883,0.0
2025-11-01T05:39:51Z,0.05152,0.0,6440,0.0
2025-11-01T05:39:51Z,0.070392,0.0,8799,0.0
2025-11-01T05:39:51Z,0.141104,0.0,17638,0.0
2025-11-01T05:39:51Z,0.110192,0.0,13774,0.0
2025-11-01T05:39:52Z,0.019288,0.0,2411,0.0
2025-11-01T05:39:52Z,0.074776,0.0,9347,0.0
2025-11-01T05:39:52Z,0.117464,0.0,14683,0.0
2025-11-01T05:39:52Z,0.075016,0.0,9377,0.0
2025-11-01T05:39:52Z,0.0552,0.0,6900,0.0
2025-11-01T05:39:52Z,0.153488,0.0,19186,0.0
2025-11-01T05:39:52Z,0.073616,0.0,9202,0.0
2025-11-01T05:39:52Z,0.083696,0.0,10462,0.0
2025-11-01T05:39:52Z,0.047488,0.0,5936,0.0
2025-11-01T05:39:52Z,0.101952,0.0,12744,0.0
2025-11-01T05:39:52Z,0.475584,0.0,59448,0.0
2025-11-01T05:39:52Z,0.105232,0.0,13154,0.0
2025-11-01T05:39:52Z,0.154784,0.0,19348,0.0
2025-11-01T05:39:52Z,0.124232,0.0,15529,0.0
2025-11-01T05:39:52Z,0.12908,0.0,16135,0.0
2025-11-01T05:39:53Z,0.08592,0.0,10740,0.0
2025-11-01T05:39:53Z,0.092928,0.0,11616,0.0
2025-11-01T05:39:53Z,0.097016,0.0,12127,0.0
2025-11-01T05:39:53Z,0.064136,0.0,8017,0.0
2025-11-01T05:39:53Z,0.055056,0.0,6882,0.0
2025-11-01T05:39:53Z,0.09364,0.0,11705,0.0
2025-11-01T05:39:53Z,0.067416,0.0,8427,0.0
2025-11-01T05:39:53Z,0.06292,0.0,7865,0.0
2025-11-01T05:39:53Z,0.049064,0.0,6133,0.0
2025-11-01T05:39:53Z,0.053336,0.0,6667,0.0
2025-11-01T05:39:53Z,0.0484,0.0,6050,0.0
2025-11-01T05:39:53Z,0.039392,0.0,4924,0.0
2025-11-01T05:39:53Z,0.052336,0.0,6542,0.0
2025-11-01T05:39:53Z,0.057712,0.0,7214,0.0
2025-11-01T05:39:54Z,0.107192,0.0,13399,0.0
2025-11-01T05:39:54Z,0.129472,0.0,16184,0.0
2025-11-01T05:39:54Z,0.1026,0.0,12825,0.0
2025-11-01T05:39:54Z,0.079744,0.0,9968,0.0
2025-11-01T05:39:54Z,0.075584,0.0,9448,0.0
2025-11-01T05:39:54Z,0.04828,0.0,6035,0.0
2025-11-01T05:39:54Z,0.103288,0.0,12911,0.0
2025-11-01T05:39:54Z,0.067608,0.0,8451,0.0
2025-11-01T05:39:54Z,0.089088,0.0,11136,0.0
2025-11-01T05:39:54Z,0.071272,0.0,8909,0.0
2025-11-01T05:39:54Z,0.087528,0.0,10941,0.0
2025-11-01T05:39:54Z,0.42896,0.0,53620,0.0
2025-11-01T05:39:54Z,0.126976,0.0,15872,0.0
2025-11-01T05:39:54Z,0.123592,0.0,15449,0.0
2025-11-01T05:39:54Z,0.1584,0.0,19800,0.0
2025-11-01T05:39:54Z,0.13168,0.0,16460,0.0
2025-11-01T05:39:55Z,0.090016,0.0,11252,0.0
2025-11-01T05:39:55Z,0.094224,0.0,11778,0.0
2025-11-01T05:39:55Z,0.053784,0.0,6723,0.0
2025-11-01T05:39:55Z,0.115112,0.0,14389,0.0
2025-11-01T05:39:55Z,0.068512,0.0,8564,0.0
2025-11-01T05:39:55Z,0.05884,0.0,7355,0.0
2025-11-01T05:39:55Z,0.090544,0.0,11318,0.0
2025-11-01T05:39:55Z,0.031072,0.0,3884,0.0
2025-11-01T05:39:55Z,0.062096,0.0,7762,0.0
2025-11-01T05:39:55Z,0.082144,0.0,10268,0.0
2025-11-01T05:39:55Z,0.04776,0.0,5970,0.0
2025-11-01T05:39:55Z,0.082104,0.0,10263,0.0
2025-11-01T05:39:55Z,0.044176,0.0,5522,0.0
2025-11-01T05:39:55Z,0.054776,0.0,6847,0.0
2025-11-01T05:39:55Z,0.055456,0.0,6932,0.0
2025-11-01T05:39:56Z,0.111736,0.0,13967,0.0
2025-11-01T05:39:56Z,0.12976,0.0,16220,0.0
2025-11-01T05:39:56Z,0.087816,0.0,10977,0.0
2025-11-01T05:39:56Z,0.07844,0.0,9805,0.0
2025-11-01T05:39:56Z,0.079336,0.0,9917,0.0
2025-11-01T05:39:56Z,0.06972,0.0,8715,0.0
2025-11-01T05:39:56Z,0.114192,0.0,14274,0.0
2025-11-01T05:39:56Z,0.070848,0.0,8856,0.0
2025-11-01T05:39:56Z,0.089176,0.0,11147,0.0
2025-11-01T05:39:56Z,0.064664,0.0,8083,0.0
2025-11-01T05:39:56Z,0.475256,0.0,59407,0.0
2025-11-01T05:39:56Z,0.103568,0.0,12946,0.0
2025-11-01T05:39:56Z,0.113944,0.0,14243,0.0
2025-11-01T05:39:56Z,0.129864,0.0,16233,0.0
2025-11-01T05:39:56Z,0.159824,0.0,19978,0.0
2025-11-01T05:39:57Z,0.091944,0.0,11493,0.0
2025-11-01T05:39:57Z,0.0828,0.0,10350,0.0
2025-11-01T05:39:57Z,0.071544,0.0,8943,0.0
2025-11-01T05:39:57Z,0.083648,0.0,10456,0.0
2025-11-01T05:39:57Z,0.05216,0.0,6520,0.0
2025-11-01T05:39:57Z,0.043464,0.0,5433,0.0
2025-11-01T05:39:57Z,0.101384,0.0,12673,0.0
2025-11-01T05:39:57Z,0.074288,0.0,9286,0.0
2025-11-01T05:39:57Z,0.055648,0.0,6956,0.0
2025-11-01T05:39:57Z,0.063808,0.0,7976,0.0
2025-11-01T05:39:57Z,0.047152,0.0,5894,0.0
2025-11-01T05:39:57Z,0.038832,0.0,4854,0.0
2025-11-01T05:39:57Z,0.136,0.0,17000,0.0
2025-11-01T05:39:57Z,0.107824,0.0,13478,0.0
2025-11-01T05:39:57Z,0.016824,0.0,2103,0.0
2025-11-01T05:39:58Z,0.119168,0.0,14896,0.0
2025-11-01T05:39:58Z,0.034368,0.0,4296,0.0
2025-11-01T05:39:58Z,0.099464,0.0,12433,0.0
2025-11-01T05:39:58Z,0.080136,0.0,10017,0.0
2025-11-01T05:39:58Z,0.068696,0.0,8587,0.0
2025-11-01T05:39:58Z,0.076912,0.0,9614,0.0
2025-11-01T05:39:58Z,0.07588,0.0,9485,0.0
2025-11-01T05:39:58Z,0.11308,0.0,14135,0.0
2025-11-01T05:39:58Z,0.070584,0.0,8823,0.0
2025-11-01T05:39:58Z,0.083808,0.0,10476,0.0
2025-11-01T05:39:58Z,0.428224,0.0,53528,0.0
2025-11-01T05:39:58Z,0.09992,0.0,12490,0.0
2025-11-01T05:39:58Z,0.159312,0.0,19914,0.0
2025-11-01T05:39:58Z,0.15212,0.0,19015,0.0
2025-11-01T05:39:58Z,0.140496,0.0,17562,0.0
2025-11-01T05:39:59Z,0.080864,0.0,10108,0.0
2025-11-01T05:39:59Z,0.098192,0.0,12274,0.0
2025-11-01T05:39:59Z,0.106664,0.0,13333,0.0
2025-11-01T05:39:59Z,0.053712,0.0,6714,0.0
2025-11-01T05:39:59Z,0.102296,0.0,12787,0.0
2025-11-01T05:39:59Z,0.094952,0.0,11869,0.0
2025-11-01T05:39:59Z,0.12996,0.0,16245,0.0
2025-11-01T05:39:59Z,0.056208,0.0,7026,0.0
2025-11-01T05:39:59Z,0.111712,0.0,13964,0.0
2025-11-01T05:39:59Z,0.151056,0.0,18882,0.0
2025-11-01T05:39:59Z,0.111984,0.0,13998,0.0
2025-11-01T05:39:59Z,0.036832,0.0,4604,0.0
2025-11-01T05:39:59Z,0.082824,0.0,10353,0.0
2025-11-01T05:39:59Z,0.050456,0.0,6307,0.0
2025-11-01T05:39:59Z,0.040088,0.0,5011,0.0
2025-11-01T05:40:00Z,0.086752,0.0,10844,0.0
2025-11-01T05:40:00Z,0.072768,0.0,9096,0.0
2025-11-01T05:40:00Z,0.07896,0.0,9870,0.0
2025-11-01T05:40:00Z,0.051232,0.0,6404,0.0
2025-11-01T05:40:00Z,0.041536,0.0,5192,0.0
2025-11-01T05:40:00Z,0.07484,0.0,9355,0.0
2025-11-01T05:40:00Z,0.049088,0.0,6136,0.0
2025-11-01T05:40:00Z,0.070624,0.0,8828,0.0
2025-11-01T05:40:00Z,0.075656,0.0,9457,0.0
2025-11-01T05:40:00Z,0.07892,0.0,9865,0.0
2025-11-01T05:40:00Z,0.474672,0.0,59334,0.0
2025-11-01T05:40:00Z,0.100952,0.0,12619,0.0
2025-11-01T05:40:00Z,0.135576,0.0,16947,0.0
2025-11-01T05:40:00Z,0.121928,0.0,15241,0.0
2025-11-01T05:40:00Z,0.14964,0.0,18705,0.0
2025-11-01T05:40:01Z,0.07812,0.0,9765,0.0
2025-11-01T05:40:01Z,0.08964,0.0,11205,0.0
2025-11-01T05:40:01Z,0.057096,0.0,7137,0.0
2025-11-01T05:40:01Z,0.045024,0.0,5628,0.0
2025-11-01T05:40:01Z,0.104,0.0,13000,0.0
2025-11-01T05:40:01Z,0.062192,0.0,7774,0.0
2025-11-01T05:40:01Z,0.051568,0.0,6446,0.0
2025-11-01T05:40:01Z,0.047224,0.0,5903,0.0
2025-11-01T05:40:01Z,0.045488,0.0,5686,0.0
2025-11-01T05:40:01Z,0.042552,0.0,5319,0.0
2025-11-01T05:40:01Z,0.043896,0.0,5487,0.0
2025-11-01T05:40:01Z,0.07504,0.0,9380,0.0
2025-11-01T05:40:01Z,0.064856,0.0,8107,0.0
2025-11-01T05:40:01Z,0.08532,0.0,10665,0.0
2025-11-01T05:40:01Z,0.123904,0.0,15488,0.0
2025-11-01T05:40:02Z,0.087376,0.0,10922,0.0
2025-11-01T05:40:02Z,0.077824,0.0,9728,0.0
2025-11-01T05:40:02Z,0.074488,0.0,9311,0.0
2025-11-01T05:40:02Z,0.071136,0.0,8892,0.0
2025-11-01T05:40:02Z,0.079168,0.0,9896,0.0
2025-11-01T05:40:02Z,0.075248,0.0,9406,0.0
2025-11-01T05:40:02Z,0.133584,0.0,16698,0.0
2025-11-01T05:40:02Z,0.092568,0.0,11571,0.0
2025-11-01T05:40:02Z,0.074544,0.0,9318,0.0
2025-11-01T05:40:02Z,0.058096,0.0,7262,0.0
2025-11-01T05:40:02Z,0.426016,0.0,53252,0.0
2025-11-01T05:40:02Z,0.11236,0.0,14045,0.0
2025-11-01T05:40:02Z,0.118448,0.0,14806,0.0
2025-11-01T05:40:02Z,0.15712,0.0,19640,0.0
2025-11-01T05:40:02Z,0.140848,0.0,17606,0.0
2025-11-01T05:40:03Z,0.139424,0.0,17428,0.0
2025-11-01T05:40:03Z,0.039288,0.0,4911,0.0
2025-11-01T05:40:03Z,0.070304,0.0,8788,0.0
2025-11-01T05:40:03Z,0.053384,0.0,6673,0.0
2025-11-01T05:40:03Z,0.116952,0.0,14619,0.0
2025-11-01T05:40:03Z,0.074352,0.0,9294,0.0
2025-11-01T05:40:03Z,0.051864,0.0,6483,0.0
2025-11-01T05:40:03Z,0.049456,0.0,6182,0.0
2025-11-01T05:40:03Z,0.046536,0.0,5817,0.0
2025-11-01T05:40:03Z,0.058328,0.0,7291,0.0
2025-11-01T05:40:03Z,0.043152,0.0,5394,0.0
2025-11-01T05:40:03Z,0.04556,0.0,5695,0.0
2025-11-01T05:40:03Z,0.068888,0.0,8611,0.0
2025-11-01T05:40:03Z,0.094792,0.0,11849,0.0
2025-11-01T05:40:03Z,0.08452,0.0,10565,0.0
2025-11-01T05:40:04Z,0.075456,0.0,9432,0.0
2025-11-01T05:40:04Z,0.11732,0.0,14665,0.0
2025-11-01T05:40:04Z,0.085776,0.0,10722,0.0
2025-11-01T05:40:04Z,0.049224,0.0,6153,0.0
2025-11-01T05:40:04Z,0.084256,0.0,10532,0.0
2025-11-01T05:40:04Z,0.086672,0.0,10834,0.0
2025-11-01T05:40:04Z,0.077104,0.0,9638,0.0
2025-11-01T05:40:04Z,0.089704,0.0,11213,0.0
2025-11-01T05:40:04Z,0.08772,0.0,10965,0.0
2025-11-01T05:40:04Z,0.068312,0.0,8539,0.0
2025-11-01T05:40:04Z,0.472248,0.0,59031,0.0
2025-11-01T05:40:04Z,0.073992,0.0,9249,0.0
2025-11-01T05:40:04Z,0.139152,0.0,17394,0.0
2025-11-01T05:40:04Z,0.114248,0.0,14281,0.0
2025-11-01T05:40:04Z,0.149248,0.0,18656,0.0
2025-11-01T05:40:05Z,0.113792,0.0,14224,0.0
2025-11-01T05:40:05Z,0.066808,0.0,8351,0.0
2025-11-01T05:40:05Z,0.112584,0.0,14073,0.0
2025-11-01T05:40:05Z,0.061624,0.0,7703,0.0
2025-11-01T05:40:05Z,0.123528,0.0,15441,0.0
2025-11-01T05:40:05Z,0.085352,0.0,10669,0.0
2025-11-01T05:40:05Z,0.100352,0.0,12544,0.0
2025-11-01T05:40:05Z,0.131384,0.0,16423,0.0
2025-11-01T05:40:05Z,0.107384,0.0,13423,0.0
2025-11-01T05:40:05Z,0.089464,0.0,11183,0.0
2025-11-01T05:40:05Z,0.09904,0.0,12380,0.0
2025-11-01T05:40:05Z,0.077888,0.0,9736,0.0
2025-11-01T05:40:05Z,0.07736,0.0,9670,0.0
2025-11-01T05:40:05Z,0.062624,0.0,7828,0.0
2025-11-01T05:40:05Z,0.069344,0.0,8668,0.0
2025-11-01T05:40:06Z,0.040608,0.0,5076,0.0
2025-11-01T05:40:06Z,0.080744,0.0,10093,0.0
2025-11-01T05:40:06Z,0.061008,0.0,7626,0.0
2025-11-01T05:40:06Z,0.050104,0.0,6263,0.0
2025-11-01T05:40:06Z,0.046784,0.0,5848,0.0
2025-11-01T05:40:06Z,0.052032,0.0,6504,0.0
2025-11-01T05:40:06Z,0.055464,0.0,6933,0.0
2025-11-01T05:40:06Z,0.139408,0.0,17426,0.0
2025-11-01T05:40:06Z,0.148112,0.0,18514,0.0
2025-11-01T05:40:06Z,0.037856,0.0,4732,0.0
2025-11-01T05:40:06Z,0.424784,0.0,53098,0.0
2025-11-01T05:40:06Z,0.066528,0.0,8316,0.0
2025-11-01T05:40:06Z,0.12724,0.0,15905,0.0
2025-11-01T05:40:06Z,0.156048,0.0,19506,0.0
2025-11-01T05:40:06Z,0.140272,0.0,17534,0.0
2025-11-01T05:40:07Z,0.147608,0.0,18451,0.0
2025-11-01T05:40:07Z,0.063296,0.0,7912,0.0
2025-11-01T05:40:07Z,0.083576,0.0,10447,0.0
2025-11-01T05:40:07Z,0.073688,0.0,9211,0.0
2025-11-01T05:40:07Z,0.078496,0.0,9812,0.0
2025-11-01T05:40:07Z,0.055056,0.0,6882,0.0
2025-11-01T05:40:07Z,0.040944,0.0,5118,0.0
2025-11-01T05:40:07Z,0.106656,0.0,13332,0.0
2025-11-01T05:40:07Z,0.061584,0.0,7698,0.0
2025-11-01T05:40:07Z,0.106152,0.0,13269,0.0
2025-11-01T05:40:07Z,0.075704,0.0,9463,0.0
2025-11-01T05:40:07Z,0.196384,0.0,24548,0.0
2025-11-01T05:40:07Z,0.150904,0.0,18863,0.0
2025-11-01T05:40:07Z,0.113808,0.0,14226,0.0
2025-11-01T05:40:07Z,0.08052,0.0,10065,0.0
2025-11-01T05:40:08Z,0.11388,0.0,14235,0.0
2025-11-01T05:40:08Z,0.072072,0.0,9009,0.0
2025-11-01T05:40:08Z,0.095208,0.0,11901,0.0
2025-11-01T05:40:08Z,0.0734,0.0,9175,0.0
2025-11-01T05:40:08Z,0.105008,0.0,13126,0.0
2025-11-01T05:40:08Z,0.159592,0.0,19949,0.0
2025-11-01T05:40:08Z,0.134848,0.0,16856,0.0
2025-11-01T05:40:08Z,0.095016,0.0,11877,0.0
2025-11-01T05:40:08Z,0.08204,0.0,10255,0.0
2025-11-01T05:40:08Z,0.042536,0.0,5317,0.0
2025-11-01T05:40:08Z,0.311552,0.0,38944,0.0
2025-11-01T05:40:08Z,0.045408,0.0,5676,0.0
2025-11-01T05:40:08Z,0.070184,0.0,8773,0.0
2025-11-01T05:40:08Z,0.125192,0.0,15649,0.0
2025-11-01T05:40:08Z,0.144448,0.0,18056,0.0
2025-11-01T05:40:09Z,0.080664,0.0,10083,0.0
2025-11-01T05:40:09Z,0.086872,0.0,10859,0.0
2025-11-01T05:40:09Z,0.070448,0.0,8806,0.0
2025-11-01T05:40:09Z,0.071176,0.0,8897,0.0
2025-11-01T05:40:09Z,0.12468,0.0,15585,0.0
2025-11-01T05:40:09Z,0.047288,0.0,5911,0.0
2025-11-01T05:40:09Z,0.108512,0.0,13564,0.0
2025-11-01T05:40:09Z,0.07912,0.0,9890,0.0
2025-11-01T05:40:09Z,0.043008,0.0,5376,0.0
2025-11-01T05:40:09Z,0.04076,0.0,5095,0.0
2025-11-01T05:40:09Z,0.035688,0.0,4461,0.0
2025-11-01T05:40:09Z,0.067768,0.0,8471,0.0
2025-11-01T05:40:09Z,0.050264,0.0,6283,0.0
2025-11-01T05:40:09Z,0.0366,0.0,4575,0.0
2025-11-01T05:40:09Z,0.037408,0.0,4676,0.0
2025-11-01T05:40:10Z,0.12556,0.0,15695,0.0
2025-11-01T05:40:10Z,0.162304,0.0,20288,0.0
2025-11-01T05:40:10Z,0.013416,0.0,1677,0.0
2025-11-01T05:40:10Z,0.057744,0.0,7218,0.0
2025-11-01T05:40:10Z,0.077104,0.0,9638,0.0
2025-11-01T05:40:10Z,0.064256,0.0,8032,0.0
2025-11-01T05:40:10Z,0.075456,0.0,9432,0.0
2025-11-01T05:40:10Z,0.05812,0.0,7265,0.0
2025-11-01T05:40:10Z,0.069344,0.0,8668,0.0
2025-11-01T05:40:10Z,0.0782,0.0,9775,0.0
2025-11-01T05:40:10Z,0.423536,0.0,52942,0.0
2025-11-01T05:40:10Z,0.122624,0.0,15328,0.0
2025-11-01T05:40:10Z,0.148096,0.0,18512,0.0
2025-11-01T05:40:10Z,0.109016,0.0,13627,0.0
2025-11-01T05:40:10Z,0.095256,0.0,11907,0.0
2025-11-01T05:40:11Z,0.14152,0.0,17690,0.0
2025-11-01T05:40:11Z,0.059416,0.0,7427,0.0
2025-11-01T05:40:11Z,0.097536,0.0,12192,0.0
2025-11-01T05:40:11Z,0.052608,0.0,6576,0.0
2025-11-01T05:40:11Z,0.0478,0.0,5975,0.0
2025-11-01T05:40:11Z,0.03784,0.0,4730,0.0
2025-11-01T05:40:11Z,0.034624,0.0,4328,0.0
2025-11-01T05:40:11Z,0.09644,0.0,12055,0.0
2025-11-01T05:40:11Z,0.057216,0.0,7152,0.0
2025-11-01T05:40:11Z,0.051784,0.0,6473,0.0
2025-11-01T05:40:11Z,0.043056,0.0,5382,0.0
2025-11-01T05:40:11Z,0.087104,0.0,10888,0.0
2025-11-01T05:40:11Z,0.083752,0.0,10469,0.0
2025-11-01T05:40:11Z,0.060368,0.0,7546,0.0
2025-11-01T05:40:11Z,0.072216,0.0,9027,0.0
2025-11-01T05:40:12Z,0.082056,0.0,10257,0.0
2025-11-01T05:40:12Z,0.070344,0.0,8793,0.0
2025-11-01T05:40:12Z,0.071336,0.0,8917,0.0
2025-11-01T05:40:12Z,0.068992,0.0,8624,0.0
2025-11-01T05:40:12Z,0.070056,0.0,8757,0.0
2025-11-01T05:40:12Z,0.067328,0.0,8416,0.0
2025-11-01T05:40:12Z,0.073608,0.0,9201,0.0
2025-11-01T05:40:12Z,0.1094,0.0,13675,0.0
2025-11-01T05:40:12Z,0.032168,0.0,4021,0.0
2025-11-01T05:40:12Z,0.103792,0.0,12974,0.0
2025-11-01T05:40:12Z,0.423584,0.0,52948,0.0
2025-11-01T05:40:12Z,0.145856,0.0,18232,0.0
2025-11-01T05:40:12Z,0.15936,0.0,19920,0.0
2025-11-01T05:40:12Z,0.145656,0.0,18207,0.0
2025-11-01T05:40:12Z,0.049632,0.0,6204,0.0
2025-11-01T05:40:13Z,0.15808,0.0,19760,0.0
2025-11-01T05:40:13Z,0.036752,0.0,4594,0.0
2025-11-01T05:40:13Z,0.063824,0.0,7978,0.0
2025-11-01T05:40:13Z,0.115072,0.0,14384,0.0
2025-11-01T05:40:13Z,0.063784,0.0,7973,0.0
2025-11-01T05:40:13Z,0.060656,0.0,7582,0.0
2025-11-01T05:40:13Z,0.047416,0.0,5927,0.0
2025-11-01T05:40:13Z,0.053704,0.0,6713,0.0
2025-11-01T05:40:13Z,0.04384,0.0,5480,0.0
2025-11-01T05:40:13Z,0.047568,0.0,5946,0.0
2025-11-01T05:40:13Z,0.040072,0.0,5009,0.0
2025-11-01T05:40:13Z,0.034864,0.0,4358,0.0
2025-11-01T05:40:13Z,0.16044,0.0,20055,0.0
2025-11-01T05:40:13Z,0.190824,0.0,23853,0.0
2025-11-01T05:40:13Z,0.022792,0.0,2849,0.0
2025-11-01T05:40:14Z,0.026744,0.0,3343,0.0
2025-11-01T05:40:14Z,0.09472,0.0,11840,0.0
2025-11-01T05:40:14Z,0.165704,0.0,20713,0.0
2025-11-01T05:40:14Z,0.054128,0.0,6766,0.0
2025-11-01T05:40:14Z,0.028488,0.0,3561,0.0
2025-11-01T05:40:14Z,0.12208,0.0,15260,0.0
2025-11-01T05:40:14Z,0.107024,0.0,13378,0.0
2025-11-01T05:40:14Z,0.050984,0.0,6373,0.0
2025-11-01T05:40:14Z,0.070824,0.0,8853,0.0
2025-11-01T05:40:14Z,0.078208,0.0,9776,0.0
2025-11-01T05:40:14Z,0.467952,0.0,58494,0.0
2025-11-01T05:40:14Z,0.10136,0.0,12670,0.0
2025-11-01T05:40:14Z,0.141952,0.0,17744,0.0
2025-11-01T05:40:14Z,0.125016,0.0,15627,0.0
2025-11-01T05:40:14Z,0.151464,0.0,18933,0.0
2025-11-01T05:40:15Z,0.055032,0.0,6879,0.0
2025-11-01T05:40:15Z,0.085984,0.0,10748,0.0
2025-11-01T05:40:15Z,0.107648,0.0,13456,0.0
2025-11-01T05:40:15Z,0.08236,0.0,10295,0.0
2025-11-01T05:40:15Z,0.061536,0.0,7692,0.0
2025-11-01T05:40:15Z,0.049592,0.0,6199,0.0
2025-11-01T05:40:15Z,0.047648,0.0,5956,0.0
2025-11-01T05:40:15Z,0.045704,0.0,5713,0.0
2025-11-01T05:40:15Z,0.041352,0.0,5169,0.0
2025-11-01T05:40:15Z,0.132656,0.0,16582,0.0
2025-11-01T05:40:15Z,0.104624,0.0,13078,0.0
2025-11-01T05:40:15Z,0.016376,0.0,2047,0.0
2025-11-01T05:40:15Z,0.101792,0.0,12724,0.0
2025-11-01T05:40:15Z,0.078976,0.0,9872,0.0
2025-11-01T05:40:15Z,0.071968,0.0,8996,0.0
2025-11-01T05:40:16Z,0.06924,0.0,8655,0.0
2025-11-01T05:40:16Z,0.069512,0.0,8689,0.0
2025-11-01T05:40:16Z,0.086504,0.0,10813,0.0
2025-11-01T05:40:16Z,0.076576,0.0,9572,0.0
2025-11-01T05:40:16Z,0.076864,0.0,9608,0.0
2025-11-01T05:40:16Z,0.071744,0.0,8968,0.0
2025-11-01T05:40:16Z,0.083648,0.0,10456,0.0
2025-11-01T05:40:16Z,0.075192,0.0,9399,0.0
2025-11-01T05:40:16Z,0.08052,0.0,10065,0.0
2025-11-01T05:40:16Z,0.07536,0.0,9420,0.0
2025-11-01T05:40:16Z,0.466904,0.0,58363,0.0
2025-11-01T05:40:16Z,0.086048,0.0,10756,0.0
2025-11-01T05:40:16Z,0.16236,0.0,20295,0.0
2025-11-01T05:40:16Z,0.133768,0.0,16721,0.0
2025-11-01T05:40:16Z,0.116008,0.0,14501,0.0
2025-11-01T05:40:17Z,0.090752,0.0,11344,0.0
2025-11-01T05:40:17Z,0.094144,0.0,11768,0.0
2025-11-01T05:40:17Z,0.106328,0.0,13291,0.0
2025-11-01T05:40:17Z,0.081104,0.0,10138,0.0
2025-11-01T05:40:17Z,0.058808,0.0,7351,0.0
2025-11-01T05:40:17Z,0.055728,0.0,6966,0.0
2025-11-01T05:40:17Z,0.046064,0.0,5758,0.0
2025-11-01T05:40:17Z,0.054552,0.0,6819,0.0
2025-11-01T05:40:17Z,0.046544,0.0,5818,0.0
2025-11-01T05:40:17Z,0.04948,0.0,6185,0.0
2025-11-01T05:40:17Z,0.04896,0.0,6120,0.0
2025-11-01T05:40:17Z,0.154392,0.0,19299,0.0
2025-11-01T05:40:17Z,0.01904,0.0,2380,0.0
2025-11-01T05:40:17Z,0.109448,0.0,13681,0.0
2025-11-01T05:40:17Z,0.080864,0.0,10108,0.0
2025-11-01T05:40:18Z,0.080048,0.0,10006,0.0
2025-11-01T05:40:18Z,0.074632,0.0,9329,0.0
2025-11-01T05:40:18Z,0.049064,0.0,6133,0.0
2025-11-01T05:40:18Z,0.126048,0.0,15756,0.0
2025-11-01T05:40:18Z,0.09836,0.0,12295,0.0
2025-11-01T05:40:18Z,0.07516,0.0,9395,0.0
2025-11-01T05:40:18Z,0.073992,0.0,9249,0.0
2025-11-01T05:40:18Z,0.090424,0.0,11303,0.0
2025-11-01T05:40:18Z,0.077168,0.0,9646,0.0
2025-11-01T05:40:18Z,0.079248,0.0,9906,0.0
2025-11-01T05:40:18Z,0.419024,0.0,52378,0.0
2025-11-01T05:40:18Z,0.10636,0.0,13295,0.0
2025-11-01T05:40:18Z,0.144448,0.0,18056,0.0
2025-11-01T05:40:18Z,0.163288,0.0,20411,0.0
2025-11-01T05:40:18Z,0.131824,0.0,16478,0.0
2025-11-01T05:40:19Z,0.111328,0.0,13916,0.0
2025-11-01T05:40:19Z,0.075696,0.0,9462,0.0
2025-11-01T05:40:19Z,0.05844,0.0,7305,0.0
2025-11-01T05:40:19Z,0.108136,0.0,13517,0.0
2025-11-01T05:40:19Z,0.077704,0.0,9713,0.0
2025-11-01T05:40:19Z,0.058272,0.0,7284,0.0
2025-11-01T05:40:19Z,0.058688,0.0,7336,0.0
2025-11-01T05:40:19Z,0.07748,0.0,9685,0.0
2025-11-01T05:40:19Z,0.058648,0.0,7331,0.0
2025-11-01T05:40:19Z,0.042024,0.0,5253,0.0
2025-11-01T05:40:19Z,0.037432,0.0,4679,0.0
2025-11-01T05:40:19Z,0.052536,0.0,6567,0.0
2025-11-01T05:40:19Z,0.122664,0.0,15333,0.0
2025-11-01T05:40:19Z,0.033888,0.0,4236,0.0
2025-11-01T05:40:19Z,0.041832,0.0,5229,0.0
2025-11-01T05:40:20Z,0.117096,0.0,14637,0.0
2025-11-01T05:40:20Z,0.172152,0.0,21519,0.0
2025-11-01T05:40:20Z,0.06028,0.0,7535,0.0
2025-11-01T05:40:20Z,0.064472,0.0,8059,0.0
2025-11-01T05:40:20Z,0.069392,0.0,8674,0.0
2025-11-01T05:40:20Z,0.082936,0.0,10367,0.0
2025-11-01T05:40:20Z,0.074744,0.0,9343,0.0
2025-11-01T05:40:20Z,0.10592,0.0,13240,0.0
2025-11-01T05:40:20Z,0.10164,0.0,12705,0.0
2025-11-01T05:40:20Z,0.042144,0.0,5268,0.0
2025-11-01T05:40:20Z,0.464568,0.0,58071,0.0
2025-11-01T05:40:20Z,0.090352,0.0,11294,0.0
2025-11-01T05:40:20Z,0.103512,0.0,12939,0.0
2025-11-01T05:40:20Z,0.132504,0.0,16563,0.0
2025-11-01T05:40:20Z,0.147376,0.0,18422,0.0
2025-11-01T05:40:21Z,0.111128,0.0,13891,0.0
2025-11-01T05:40:21Z,0.103008,0.0,12876,0.0
2025-11-01T05:40:21Z,0.077512,0.0,9689,0.0
2025-11-01T05:40:21Z,0.085504,0.0,10688,0.0
2025-11-01T05:40:21Z,0.048992,0.0,6124,0.0
2025-11-01T05:40:21Z,0.048384,0.0,6048,0.0
2025-11-01T05:40:21Z,0.092584,0.0,11573,0.0
2025-11-01T05:40:21Z,0.05632,0.0,7040,0.0
2025-11-01T05:40:21Z,0.048344,0.0,6043,0.0
2025-11-01T05:40:21Z,0.044632,0.0,5579,0.0
2025-11-01T05:40:21Z,0.168504,0.0,21063,0.0
2025-11-01T05:40:21Z,0.018488,0.0,2311,0.0
2025-11-01T05:40:21Z,0.1268,0.0,15850,0.0
2025-11-01T05:40:21Z,0.08196,0.0,10245,0.0
2025-11-01T05:40:21Z,0.079816,0.0,9977,0.0
2025-11-01T05:40:22Z,0.073744,0.0,9218,0.0
2025-11-01T05:40:22Z,0.07592,0.0,9490,0.0
2025-11-01T05:40:22Z,0.06956,0.0,8695,0.0
2025-11-01T05:40:22Z,0.088008,0.0,11001,0.0
2025-11-01T05:40:22Z,0.070072,0.0,8759,0.0
2025-11-01T05:40:22Z,0.0986,0.0,12325,0.0
2025-11-01T05:40:22Z,0.07216,0.0,9020,0.0
2025-11-01T05:40:22Z,0.07768,0.0,9710,0.0
2025-11-01T05:40:22Z,0.078072,0.0,9759,0.0
2025-11-01T05:40:22Z,0.079496,0.0,9937,0.0
2025-11-01T05:40:22Z,0.462472,0.0,57809,0.0
2025-11-01T05:40:22Z,0.089904,0.0,11238,0.0
2025-11-01T05:40:22Z,0.137208,0.0,17151,0.0
2025-11-01T05:40:22Z,0.127232,0.0,15904,0.0
2025-11-01T05:40:22Z,0.132736,0.0,16592,0.0
2025-11-01T05:40:23Z,0.097616,0.0,12202,0.0
2025-11-01T05:40:23Z,0.082712,0.0,10339,0.0
2025-11-01T05:40:23Z,0.119784,0.0,14973,0.0
2025-11-01T05:40:23Z,0.073672,0.0,9209,0.0
2025-11-01T05:40:23Z,0.071648,0.0,8956,0.0
2025-11-01T05:40:23Z,0.058056,0.0,7257,0.0
2025-11-01T05:40:23Z,0.046056,0.0,5757,0.0
2025-11-01T05:40:23Z,0.038104,0.0,4763,0.0
2025-11-01T05:40:23Z,0.042688,0.0,5336,0.0
2025-11-01T05:40:23Z,0.041032,0.0,5129,0.0
2025-11-01T05:40:23Z,0.064496,0.0,8062,0.0
2025-11-01T05:40:23Z,0.087744,0.0,10968,0.0
2025-11-01T05:40:23Z,0.043656,0.0,5457,0.0
2025-11-01T05:40:23Z,0.101872,0.0,12734,0.0
2025-11-01T05:40:23Z,0.052456,0.0,6557,0.0
2025-11-01T05:40:24Z,0.154128,0.0,19266,0.0
2025-11-01T05:40:24Z,0.0842,0.0,10525,0.0
2025-11-01T05:40:24Z,0.074024,0.0,9253,0.0
2025-11-01T05:40:24Z,0.069464,0.0,8683,0.0
2025-11-01T05:40:24Z,0.082544,0.0,10318,0.0
2025-11-01T05:40:24Z,0.095168,0.0,11896,0.0
2025-11-01T05:40:24Z,0.072632,0.0,9079,0.0
2025-11-01T05:40:24Z,0.08188,0.0,10235,0.0
2025-11-01T05:40:24Z,0.10384,0.0,12980,0.0
2025-11-01T05:40:24Z,0.05548,0.0,6935,0.0
2025-11-01T05:40:24Z,0.415272,0.0,51909,0.0
2025-11-01T05:40:24Z,0.09624,0.0,12030,0.0
2025-11-01T05:40:24Z,0.10636,0.0,13295,0.0
2025-11-01T05:40:24Z,0.19036,0.0,23795,0.0
2025-11-01T05:40:25Z,0.139832,0.0,17479,0.0
2025-11-01T05:40:25Z,0.123376,0.0,15422,0.0
2025-11-01T05:40:25Z,0.062,0.0,7750,0.0
2025-11-01T05:40:25Z,0.082952,0.0,10369,0.0
2025-11-01T05:40:25Z,0.125512,0.0,15689,0.0
2025-11-01T05:40:25Z,0.070088,0.0,8761,0.0
2025-11-01T05:40:25Z,0.055024,0.0,6878,0.0
2025-11-01T05:40:25Z,0.067608,0.0,8451,0.0
2025-11-01T05:40:25Z,0.04772,0.0,5965,0.0
2025-11-01T05:40:25Z,0.05888,0.0,7360,0.0
2025-11-01T05:40:25Z,0.04324,0.0,5405,0.0
2025-11-01T05:40:25Z,0.04524,0.0,5655,0.0
2025-11-01T05:40:25Z,0.035928,0.0,4491,0.0
2025-11-01T05:40:25Z,0.157496,0.0,19687,0.0
2025-11-01T05:40:25Z,0.093248,0.0,11656,0.0
2025-11-01T05:40:25Z,0.077856,0.0,9732,0.0
2025-11-01T05:40:26Z,0.081456,0.0,10182,0.0
2025-11-01T05:40:26Z,0.072768,0.0,9096,0.0
2025-11-01T05:40:26Z,0.073008,0.0,9126,0.0
2025-11-01T05:40:26Z,0.0796,0.0,9950,0.0
2025-11-01T05:40:26Z,0.050952,0.0,6369,0.0
2025-11-01T05:40:26Z,0.125744,0.0,15718,0.0
2025-11-01T05:40:26Z,0.062472,0.0,7809,0.0
2025-11-01T05:40:26Z,0.086912,0.0,10864,0.0
2025-11-01T05:40:26Z,0.093312,0.0,11664,0.0
2025-11-01T05:40:26Z,0.068736,0.0,8592,0.0
2025-11-01T05:40:26Z,0.460352,0.0,57544,0.0
2025-11-01T05:40:26Z,0.102896,0.0,12862,0.0
2025-11-01T05:40:26Z,0.117336,0.0,14667,0.0
2025-11-01T05:40:26Z,0.132832,0.0,16604,0.0
2025-11-01T05:40:26Z,0.135496,0.0,16937,0.0
2025-11-01T05:40:27Z,0.093656,0.0,11707,0.0
2025-11-01T05:40:27Z,0.093872,0.0,11734,0.0
2025-11-01T05:40:27Z,0.069944,0.0,8743,0.0
2025-11-01T05:40:27Z,0.057728,0.0,7216,0.0
2025-11-01T05:40:27Z,0.097064,0.0,12133,0.0
2025-11-01T05:40:27Z,0.079472,0.0,9934,0.0
2025-11-01T05:40:27Z,0.052944,0.0,6618,0.0
2025-11-01T05:40:27Z,0.090856,0.0,11357,0.0
2025-11-01T05:40:27Z,0.051048,0.0,6381,0.0
2025-11-01T05:40:27Z,0.04052,0.0,5065,0.0
2025-11-01T05:40:27Z,0.043112,0.0,5389,0.0
2025-11-01T05:40:27Z,0.149432,0.0,18679,0.0
2025-11-01T05:40:27Z,0.018288,0.0,2286,0.0
2025-11-01T05:40:27Z,0.109024,0.0,13628,0.0
2025-11-01T05:40:27Z,0.081568,0.0,10196,0.0
2025-11-01T05:40:28Z,0.07232,0.0,9040,0.0
2025-11-01T05:40:28Z,0.07364,0.0,9205,0.0
2025-11-01T05:40:28Z,0.037408,0.0,4676,0.0
2025-11-01T05:40:28Z,0.149936,0.0,18742,0.0
2025-11-01T05:40:28Z,0.132,0.0,16500,0.0
2025-11-01T05:40:28Z,0.04936,0.0,6170,0.0
2025-11-01T05:40:28Z,0.05936,0.0,7420,0.0
2025-11-01T05:40:28Z,0.078304,0.0,9788,0.0
2025-11-01T05:40:28Z,0.073168,0.0,9146,0.0
2025-11-01T05:40:28Z,0.069784,0.0,8723,0.0
2025-11-01T05:40:28Z,0.458976,0.0,57372,0.0
2025-11-01T05:40:28Z,0.114904,0.0,14363,0.0
2025-11-01T05:40:28Z,0.1544,0.0,19300,0.0
2025-11-01T05:40:28Z,0.122592,0.0,15324,0.0
2025-11-01T05:40:28Z,0.114456,0.0,14307,0.0
2025-11-01T05:40:29Z,0.115816,0.0,14477,0.0
2025-11-01T05:40:29Z,0.071464,0.0,8933,0.0
2025-11-01T05:40:29Z,0.052976,0.0,6622,0.0
2025-11-01T05:40:29Z,0.109096,0.0,13637,0.0
2025-11-01T05:40:29Z,0.063888,0.0,7986,0.0
2025-11-01T05:40:29Z,0.050584,0.0,6323,0.0
2025-11-01T05:40:29Z,0.047632,0.0,5954,0.0
2025-11-01T05:40:29Z,0.044928,0.0,5616,0.0
2025-11-01T05:40:29Z,0.068288,0.0,8536,0.0
2025-11-01T05:40:29Z,0.0938,0.0,11725,0.0
2025-11-01T05:40:29Z,0.092448,0.0,11556,0.0
2025-11-01T05:40:29Z,0.077624,0.0,9703,0.0
2025-11-01T05:40:29Z,0.071312,0.0,8914,0.0
2025-11-01T05:40:29Z,0.075424,0.0,9428,0.0
2025-11-01T05:40:29Z,0.050784,0.0,6348,0.0
2025-11-01T05:40:30Z,0.059752,0.0,7469,0.0
2025-11-01T05:40:30Z,0.096352,0.0,12044,0.0
2025-11-01T05:40:30Z,0.06956,0.0,8695,0.0
2025-11-01T05:40:30Z,0.083496,0.0,10437,0.0
2025-11-01T05:40:30Z,0.07272,0.0,9090,0.0
2025-11-01T05:40:30Z,0.082408,0.0,10301,0.0
2025-11-01T05:40:30Z,0.073312,0.0,9164,0.0
2025-11-01T05:40:30Z,0.140328,0.0,17541,0.0
2025-11-01T05:40:30Z,0.079648,0.0,9956,0.0
2025-11-01T05:40:30Z,0.073008,0.0,9126,0.0
2025-11-01T05:40:30Z,0.45772,0.0,57215,0.0
2025-11-01T05:40:30Z,0.06532,0.0,8165,0.0
2025-11-01T05:40:30Z,0.1302,0.0,16275,0.0
2025-11-01T05:40:30Z,0.125376,0.0,15672,0.0
2025-11-01T05:40:30Z,0.133728,0.0,16716,0.0
2025-11-01T05:40:31Z,0.123312,0.0,15414,0.0
2025-11-01T05:40:31Z,0.113104,0.0,14138,0.0
2025-11-01T05:40:31Z,0.065896,0.0,8237,0.0
2025-11-01T05:40:31Z,0.116664,0.0,14583,0.0
2025-11-01T05:40:31Z,0.071104,0.0,8888,0.0
2025-11-01T05:40:31Z,0.055984,0.0,6998,0.0
2025-11-01T05:40:31Z,0.084752,0.0,10594,0.0
2025-11-01T05:40:31Z,0.06232,0.0,7790,0.0
2025-11-01T05:40:31Z,0.070656,0.0,8832,0.0
2025-11-01T05:40:31Z,0.063184,0.0,7898,0.0
2025-11-01T05:40:31Z,0.047072,0.0,5884,0.0
2025-11-01T05:40:31Z,0.039576,0.0,4947,0.0
2025-11-01T05:40:31Z,0.038856,0.0,4857,0.0
2025-11-01T05:40:31Z,0.143928,0.0,17991,0.0
2025-11-01T05:40:31Z,0.069792,0.0,8724,0.0
2025-11-01T05:40:32Z,0.155216,0.0,19402,0.0
2025-11-01T05:40:32Z,0.062536,0.0,7817,0.0
2025-11-01T05:40:32Z,0.074896,0.0,9362,0.0
2025-11-01T05:40:32Z,0.11832,0.0,14790,0.0
2025-11-01T05:40:32Z,0.120608,0.0,15076,0.0
2025-11-01T05:40:32Z,0.180344,0.0,22543,0.0
2025-11-01T05:40:32Z,0.157264,0.0,19658,0.0
2025-11-01T05:40:32Z,0.099432,0.0,12429,0.0
2025-11-01T05:40:32Z,0.074072,0.0,9259,0.0
2025-11-01T05:40:32Z,0.07924,0.0,9905,0.0
2025-11-01T05:40:32Z,0.33348,0.0,41685,0.0
2025-11-01T05:40:32Z,0.063792,0.0,7974,0.0
2025-11-01T05:40:32Z,0.0978,0.0,12225,0.0
2025-11-01T05:40:32Z,0.143848,0.0,17981,0.0
2025-11-01T05:40:32Z,0.175832,0.0,21979,0.0
2025-11-01T05:40:33Z,0.057592,0.0,7199,0.0
2025-11-01T05:40:33Z,0.118864,0.0,14858,0.0
2025-11-01T05:40:33Z,0.081024,0.0,10128,0.0
2025-11-01T05:40:33Z,0.069368,0.0,8671,0.0
2025-11-01T05:40:33Z,0.084752,0.0,10594,0.0
2025-11-01T05:40:33Z,0.054624,0.0,6828,0.0
2025-11-01T05:40:33Z,0.041408,0.0,5176,0.0
2025-11-01T05:40:33Z,0.076168,0.0,9521,0.0
2025-11-01T05:40:33Z,0.076744,0.0,9593,0.0
2025-11-01T05:40:33Z,0.04648,0.0,5810,0.0
2025-11-01T05:40:33Z,0.089568,0.0,11196,0.0
2025-11-01T05:40:33Z,0.041952,0.0,5244,0.0
2025-11-01T05:40:33Z,0.0422,0.0,5275,0.0
2025-11-01T05:40:33Z,0.083216,0.0,10402,0.0
2025-11-01T05:40:33Z,0.039864,0.0,4983,0.0
2025-11-01T05:40:34Z,0.089056,0.0,11132,0.0
2025-11-01T05:40:34Z,0.103656,0.0,12957,0.0
2025-11-01T05:40:34Z,0.059928,0.0,7491,0.0
2025-11-01T05:40:34Z,0.082352,0.0,10294,0.0
2025-11-01T05:40:34Z,0.068152,0.0,8519,0.0
2025-11-01T05:40:34Z,0.076472,0.0,9559,0.0
2025-11-01T05:40:34Z,0.071096,0.0,8887,0.0
2025-11-01T05:40:34Z,0.063944,0.0,7993,0.0
2025-11-01T05:40:34Z,0.068256,0.0,8532,0.0
2025-11-01T05:40:34Z,0.081168,0.0,10146,0.0
2025-11-01T05:40:34Z,0.456688,0.0,57086,0.0
2025-11-01T05:40:34Z,0.101864,0.0,12733,0.0
2025-11-01T05:40:34Z,0.136744,0.0,17093,0.0
2025-11-01T05:40:34Z,0.128504,0.0,16063,0.0
2025-11-01T05:40:34Z,0.13916,0.0,17395,0.0
2025-11-01T05:40:35Z,0.09444,0.0,11805,0.0
2025-11-01T05:40:35Z,0.08936,0.0,11170,0.0
2025-11-01T05:40:35Z,0.084912,0.0,10614,0.0
2025-11-01T05:40:35Z,0.060808,0.0,7601,0.0
2025-11-01T05:40:35Z,0.040848,0.0,5106,0.0
2025-11-01T05:40:35Z,0.1044,0.0,13050,0.0
2025-11-01T05:40:35Z,0.035352,0.0,4419,0.0
2025-11-01T05:40:35Z,0.072416,0.0,9052,0.0
2025-11-01T05:40:35Z,0.066256,0.0,8282,0.0
